date,time,nT,sq
26/03/2019,110822,40133.95,99
26/03/2019,110842,40133.97,99
26/03/2019,110902,40114.49,99
26/03/2019,110922,40146.5,69
26/03/2019,110942,40148.01,99
26/03/2019,111002,40131.46,99
26/03/2019,111022,40120.1,99
26/03/2019,111042,40123.75,99
26/03/2019,111102,40121.74,99
26/03/2019,111122,40123.81,99
26/03/2019,111142,40129.48,99
26/03/2019,111202,40129.59,99
26/03/2019,111222,40126.66,99
26/03/2019,111242,40125.49,99
26/03/2019,111302,40129.2,99
26/03/2019,111322,40136.6,99
26/03/2019,111342,40131.93,99
26/03/2019,111402,40096.99,99
26/03/2019,111422,40195.03,59
26/03/2019,111442,40128.5,99
26/03/2019,111502,40123.32,99
26/03/2019,111522,40128.4,99
26/03/2019,111542,40123.62,99
26/03/2019,111602,40127.02,99
26/03/2019,111622,40127.22,99
26/03/2019,111642,40127.18,99
26/03/2019,111702,40127.2,99
26/03/2019,111722,40127.15,99
26/03/2019,111742,40127.1,99
26/03/2019,111802,40127.12,99
26/03/2019,111822,40127.13,99
26/03/2019,111842,40127.3,99
26/03/2019,111902,40127.38,99
26/03/2019,111922,40127.34,99
26/03/2019,111942,40127.46,99
26/03/2019,112002,40127.6,99
26/03/2019,112022,40127.66,99
26/03/2019,112042,40127.74,99
26/03/2019,112102,40127.66,99
26/03/2019,112122,40127.54,99
26/03/2019,112142,40127.67,99
26/03/2019,112202,40127.81,99
26/03/2019,112222,40127.81,99
26/03/2019,112242,40127.81,99
26/03/2019,112302,40127.86,99
26/03/2019,112322,40127.85,99
26/03/2019,112342,40127.91,99
26/03/2019,112402,40127.76,99
26/03/2019,112422,40127.9,99
26/03/2019,112442,40127.89,99
26/03/2019,112502,40127.88,99
26/03/2019,112522,40127.86,99
26/03/2019,112542,40127.92,99
26/03/2019,112602,40127.89,99
26/03/2019,112622,40127.82,99
26/03/2019,112642,40127.83,99
26/03/2019,112702,40127.89,99
26/03/2019,112722,40127.97,99
26/03/2019,112742,40128.02,99
26/03/2019,112802,40128.01,99
26/03/2019,112822,40128.05,99
26/03/2019,112842,40128.09,99
26/03/2019,112902,40128.18,99
26/03/2019,112922,40128.17,99
26/03/2019,112942,40128.2,99
26/03/2019,113002,40128.19,99
26/03/2019,113022,40128.18,99
26/03/2019,113042,40128.21,99
26/03/2019,113102,40128.09,99
26/03/2019,113122,40128.12,99
26/03/2019,113142,40128.11,99
26/03/2019,113202,40128.16,99
26/03/2019,113222,40128.2,99
26/03/2019,113242,40128,99
26/03/2019,113302,40127.58,99
26/03/2019,113322,40127.03,99
26/03/2019,113342,40126.78,99
26/03/2019,113402,40127.22,99
26/03/2019,113422,40127.25,99
26/03/2019,113442,40127.17,99
26/03/2019,113502,40127.16,99
26/03/2019,113522,40127.18,99
26/03/2019,113542,40127.13,99
26/03/2019,113602,40127.22,99
26/03/2019,113622,40127.25,99
26/03/2019,113642,40127.22,99
26/03/2019,113702,40127.35,99
26/03/2019,113722,40127.26,99
26/03/2019,113742,40127.28,99
26/03/2019,113802,40127.2,99
26/03/2019,113822,40127.24,99
26/03/2019,113842,40127.22,99
26/03/2019,113902,40127.27,99
26/03/2019,113922,40127.29,99
26/03/2019,113942,40127.25,99
26/03/2019,114002,40127.15,99
26/03/2019,114022,40127.24,99
26/03/2019,114042,40127.22,99
26/03/2019,114102,40127.18,99
26/03/2019,114122,40127.15,99
26/03/2019,114142,40127.15,99
26/03/2019,114202,40127.06,99
26/03/2019,114222,40127.12,99
26/03/2019,114242,40127.15,99
26/03/2019,114302,40127.22,99
26/03/2019,114322,40127.12,99
26/03/2019,114342,40127.09,99
26/03/2019,114402,40127.09,99
26/03/2019,114422,40127.11,99
26/03/2019,114442,40127.16,99
26/03/2019,114502,40127.24,99
26/03/2019,114522,40127.21,99
26/03/2019,114542,40127.18,99
26/03/2019,114602,40127.18,99
26/03/2019,114622,40127.18,99
26/03/2019,114642,40127.17,99
26/03/2019,114702,40127.08,99
26/03/2019,114722,40127.08,99
26/03/2019,114742,40127,99
26/03/2019,114802,40127.07,99
26/03/2019,114822,40127.1,99
26/03/2019,114842,40127.14,99
26/03/2019,114902,40127.15,99
26/03/2019,114922,40127.22,99
26/03/2019,114942,40127.12,99
26/03/2019,115002,40127.14,99
26/03/2019,115022,40127.12,99
26/03/2019,115042,40127.12,99
26/03/2019,115102,40127.07,99
26/03/2019,115122,40127.11,99
26/03/2019,115142,40127.08,99
26/03/2019,115202,40127.09,99
26/03/2019,115222,40127.06,99
26/03/2019,115242,40127.14,99
26/03/2019,115302,40127.11,99
26/03/2019,115322,40127.19,99
26/03/2019,115342,40127.07,99
26/03/2019,115402,40127.14,99
26/03/2019,115422,40127.13,99
26/03/2019,115442,40127.18,99
26/03/2019,115502,40127.35,99
26/03/2019,115522,40127.53,99
26/03/2019,115542,40127.54,99
26/03/2019,115602,40127.62,99
26/03/2019,115622,40127.55,99
26/03/2019,115642,40127.56,99
26/03/2019,115702,40127.66,99
26/03/2019,115722,40127.61,99
26/03/2019,115742,40127.71,99
26/03/2019,115802,40127.53,99
26/03/2019,115822,40127.31,99
26/03/2019,115842,40127.16,99
26/03/2019,115902,40126.88,99
26/03/2019,115922,40126.97,99
26/03/2019,115942,40126.79,99
26/03/2019,120002,40126.73,99
26/03/2019,120022,40126.69,99
26/03/2019,120042,40126.58,99
26/03/2019,120102,40126.77,99
26/03/2019,120122,40126.67,99
26/03/2019,120142,40126.77,99
26/03/2019,120202,40126.83,99
26/03/2019,120222,40126.68,99
26/03/2019,120242,40126.82,99
26/03/2019,120302,40126.94,99
26/03/2019,120322,40126.93,99
26/03/2019,120342,40126.19,99
26/03/2019,120402,40021.29,99
26/03/2019,120422,40080.95,99
26/03/2019,120442,40123.29,99
26/03/2019,120502,40124.76,99
26/03/2019,120522,40125.32,99
26/03/2019,120542,40125.65,99
26/03/2019,120602,40125.91,99
26/03/2019,120622,40125.52,99
26/03/2019,120642,40125.99,99
26/03/2019,120702,40125.98,99
26/03/2019,120722,40125.95,99
26/03/2019,120742,40125.85,99
26/03/2019,120802,40125.76,99
26/03/2019,120822,40126.12,99
26/03/2019,120842,40126.09,99
26/03/2019,120902,40126.04,99
26/03/2019,120922,40125.92,99
26/03/2019,120942,40125.68,99
26/03/2019,121002,40125.53,99
26/03/2019,121022,40125.65,99
26/03/2019,121042,40125.96,99
26/03/2019,121102,40125.65,99
26/03/2019,121122,40125.71,99
26/03/2019,121142,40034.77,99
26/03/2019,121202,40126.79,99
26/03/2019,121222,40127.29,99
26/03/2019,121242,40127.11,99
26/03/2019,121302,40126.67,99
26/03/2019,121322,40126.6,99
26/03/2019,121342,40126.56,99
26/03/2019,121402,40126.73,99
26/03/2019,121422,40126.75,99
26/03/2019,121442,40126.33,99
26/03/2019,121502,40126.17,99
26/03/2019,121522,40126.19,99
26/03/2019,121542,40126.33,99
26/03/2019,121602,40126.05,99
26/03/2019,121622,40125.31,99
26/03/2019,121642,40125.39,99
26/03/2019,121702,40125.51,99
26/03/2019,121722,40125.46,99
26/03/2019,121742,40125.4,99
26/03/2019,121802,40125.48,99
26/03/2019,121822,40125.31,99
26/03/2019,121842,40124.84,99
26/03/2019,121902,40125.04,99
26/03/2019,121922,40125.3,99
26/03/2019,121942,40125.3,99
26/03/2019,122002,40125.12,99
26/03/2019,122022,40124.85,99
26/03/2019,122042,40124.78,99
26/03/2019,122102,40124.79,99
26/03/2019,122122,40124.92,99
26/03/2019,122142,40125.22,99
26/03/2019,122202,40125.05,99
26/03/2019,122222,40124.83,99
26/03/2019,122242,40124.77,99
26/03/2019,122302,40124.64,99
26/03/2019,122322,40124.56,99
26/03/2019,122342,40124.52,99
26/03/2019,122402,40124.53,99
26/03/2019,122422,40124.74,99
26/03/2019,122442,40124.64,99
26/03/2019,122502,40124.66,99
26/03/2019,122522,40124.79,99
26/03/2019,122542,40124.8,99
26/03/2019,122602,40124.88,99
26/03/2019,122622,40124.69,99
26/03/2019,122642,40124.62,99
26/03/2019,122702,40124.54,99
26/03/2019,122722,40124.5,99
26/03/2019,122742,40124.57,99
26/03/2019,122802,40124.84,99
26/03/2019,122822,40125.06,99
26/03/2019,122842,40124.77,99
26/03/2019,122902,40124.12,99
26/03/2019,122922,40124.09,99
26/03/2019,122942,40124.23,99
26/03/2019,123002,40124.15,99
26/03/2019,123022,40124.21,99
26/03/2019,123042,40124.15,99
26/03/2019,123102,40124.07,99
26/03/2019,123122,40124.08,99
26/03/2019,123142,40124.18,99
26/03/2019,123202,40124.34,99
26/03/2019,123222,40124.45,99
26/03/2019,123242,40125.29,99
26/03/2019,123302,40125.6,99
26/03/2019,123322,40125.44,99
26/03/2019,123342,40125.69,99
26/03/2019,123402,40125.62,99
26/03/2019,123422,40125.79,99
26/03/2019,123442,40125.97,99
26/03/2019,123502,40126.1,99
26/03/2019,123522,40126.19,99
26/03/2019,123542,40126.2,99
26/03/2019,123602,40126.31,99
26/03/2019,123622,40126.44,99
26/03/2019,123642,40126.47,99
26/03/2019,123702,40126.41,99
26/03/2019,123722,40126.43,99
26/03/2019,123742,40126.53,99
26/03/2019,123802,40126.52,99
26/03/2019,123822,40126.46,99
26/03/2019,123842,40126.51,99
26/03/2019,123902,40126.52,99
26/03/2019,123922,40126.61,99
26/03/2019,123942,40126.56,99
26/03/2019,124002,40126.6,99
26/03/2019,124022,40126.65,99
26/03/2019,124042,40126.58,99
26/03/2019,124102,40126.65,99
26/03/2019,124122,40126.55,99
26/03/2019,124142,40126.63,99
26/03/2019,124202,40126.55,99
26/03/2019,124222,40126.67,99
26/03/2019,124242,40126.56,99
26/03/2019,124302,40126.6,99
26/03/2019,124322,40126.69,99
26/03/2019,124342,40126.71,99
26/03/2019,124402,40126.76,99
26/03/2019,124422,40126.84,99
26/03/2019,124442,40126.93,99
26/03/2019,124502,40127.05,99
26/03/2019,124522,40127.16,99
26/03/2019,124542,40127.24,99
26/03/2019,124602,40127.18,99
26/03/2019,124622,40127.19,99
26/03/2019,124642,40126.96,99
26/03/2019,124702,40127.07,99
26/03/2019,124722,40127.04,99
26/03/2019,124742,40126.92,99
26/03/2019,124802,40126.89,99
26/03/2019,124822,40126.77,99
26/03/2019,124842,40126.6,99
26/03/2019,124902,40126.53,99
26/03/2019,124922,40126.56,99
26/03/2019,124942,40126.54,99
26/03/2019,125002,40126.6,99
26/03/2019,125022,40126.44,99
26/03/2019,125042,40126.68,99
26/03/2019,125102,40126.69,99
26/03/2019,125122,40126.73,99
26/03/2019,125142,40126.74,99
26/03/2019,125202,40126.64,99
26/03/2019,125222,40126.73,99
26/03/2019,125242,40126.67,99
26/03/2019,125302,40126.68,99
26/03/2019,125322,40126.7,99
26/03/2019,125342,40126.54,99
26/03/2019,125402,40126.69,99
26/03/2019,125422,40126.78,99
26/03/2019,125442,40126.67,99
26/03/2019,125502,40126.49,99
26/03/2019,125522,40126.36,99
26/03/2019,125542,40126.2,99
26/03/2019,125602,40125.83,99
26/03/2019,125622,40125.78,99
26/03/2019,125642,40126.43,99
26/03/2019,125702,40126.54,99
26/03/2019,125722,40126.51,99
26/03/2019,125742,40126.39,99
26/03/2019,125802,40126.24,99
26/03/2019,125822,40126.27,99
26/03/2019,125842,40126.36,99
26/03/2019,125902,40126.3,99
26/03/2019,125922,40126.36,99
26/03/2019,125942,40126.22,99
26/03/2019,130002,40126.42,99
26/03/2019,130022,40126.19,99
26/03/2019,130042,40126.12,99
26/03/2019,130102,40125.91,99
26/03/2019,130122,40125.79,99
26/03/2019,130142,40125.81,99
26/03/2019,130202,40125.47,99
26/03/2019,130222,40125.16,99
26/03/2019,130242,40124.61,99
26/03/2019,130302,40124.93,99
26/03/2019,130322,40125.18,99
26/03/2019,130342,40124.5,99
26/03/2019,130402,40124.55,99
26/03/2019,130422,40125,99
26/03/2019,130442,40125.16,99
26/03/2019,130502,40124.95,99
26/03/2019,130522,40124.89,99
26/03/2019,130542,40124.6,99
26/03/2019,130602,40124.31,99
26/03/2019,130622,40124.16,99
26/03/2019,130642,40124.15,99
26/03/2019,130702,40124.2,99
26/03/2019,130722,40124.17,99
26/03/2019,130742,40124.15,99
26/03/2019,130802,40124.15,99
26/03/2019,130822,40124.34,99
26/03/2019,130842,40124.16,99
26/03/2019,130902,40124.06,99
26/03/2019,130922,40123.97,99
26/03/2019,130942,40123.92,99
26/03/2019,131002,40123.99,99
26/03/2019,131022,40123.9,99
26/03/2019,131042,40123.88,99
26/03/2019,131102,40123.84,99
26/03/2019,131122,40124.16,99
26/03/2019,131142,40123.65,99
26/03/2019,131202,40123.44,99
26/03/2019,131222,40123.24,99
26/03/2019,131242,40123.41,99
26/03/2019,131302,40123.34,99
26/03/2019,131322,40122.9,99
26/03/2019,131342,40122.89,99
26/03/2019,131402,40122.8,99
26/03/2019,131422,40122.76,99
26/03/2019,131442,40122.57,99
26/03/2019,131502,40122.7,99
26/03/2019,131522,40122.58,99
26/03/2019,131542,40122.53,99
26/03/2019,131602,40122.78,99
26/03/2019,131622,40122.52,99
26/03/2019,131642,40122.28,99
26/03/2019,131702,40121.99,99
26/03/2019,131722,40121.84,99
26/03/2019,131742,40121.76,99
26/03/2019,131802,40121.5,99
26/03/2019,131822,40121.46,99
26/03/2019,131842,40121.36,99
26/03/2019,131902,40121.12,99
26/03/2019,131922,40121.25,99
26/03/2019,131942,40121.04,99
26/03/2019,132002,40120.81,99
26/03/2019,132022,40120.8,99
26/03/2019,132042,40120.64,99
26/03/2019,132102,40120.5,99
26/03/2019,132122,40120.52,99
26/03/2019,132142,40120.52,99
26/03/2019,132202,40120.17,99
26/03/2019,132222,40119.86,99
26/03/2019,132242,40119.89,99
26/03/2019,132302,40120.01,99
26/03/2019,132322,40119.74,99
26/03/2019,132342,40119.22,99
26/03/2019,132402,40119.71,99
26/03/2019,132422,40119.72,99
26/03/2019,132442,40119.64,99
26/03/2019,132502,40119.46,99
26/03/2019,132522,40119.22,99
26/03/2019,132542,40119.28,99
26/03/2019,132602,40119.32,99
26/03/2019,132622,40119.47,99
26/03/2019,132642,40119.37,99
26/03/2019,132702,40119.32,99
26/03/2019,132722,40119.24,99
26/03/2019,132742,40119.28,99
26/03/2019,132802,40119.37,99
26/03/2019,132822,40119.14,99
26/03/2019,132842,40118.92,99
26/03/2019,132902,40118.84,99
26/03/2019,132922,40118.81,99
26/03/2019,132942,40118.92,99
26/03/2019,133002,40118.79,99
26/03/2019,133022,40118.68,99
26/03/2019,133042,40118.51,99
26/03/2019,133102,40118.49,99
26/03/2019,133122,40118.59,99
26/03/2019,133142,40118.41,99
26/03/2019,133202,40118.13,99
26/03/2019,133222,40117.85,99
26/03/2019,133242,40117.73,99
26/03/2019,133302,40117.88,99
26/03/2019,133322,40117.68,99
26/03/2019,133342,40117.62,99
26/03/2019,133402,40117.55,99
26/03/2019,133422,40117.54,99
26/03/2019,133442,40117.78,99
26/03/2019,133502,40117.62,99
26/03/2019,133522,40117.43,99
26/03/2019,133542,40117.26,99
26/03/2019,133602,40117.09,99
26/03/2019,133622,40117.08,99
26/03/2019,133642,40116.85,99
26/03/2019,133702,40116.67,99
26/03/2019,133722,40116.77,99
26/03/2019,133742,40116.78,99
26/03/2019,133802,40116.69,99
26/03/2019,133822,40116.38,99
26/03/2019,133842,40116.32,99
26/03/2019,133902,40116.3,99
26/03/2019,133922,40116.06,99
26/03/2019,133942,40116.01,99
26/03/2019,134002,40115.99,99
26/03/2019,134022,40115.83,99
26/03/2019,134042,40115.65,99
26/03/2019,134102,40115.68,99
26/03/2019,134122,40115.87,99
26/03/2019,134142,40115.89,99
26/03/2019,134202,40115.93,99
26/03/2019,134222,40115.85,99
26/03/2019,134242,40115.81,99
26/03/2019,134302,40115.57,99
26/03/2019,134322,40115.5,99
26/03/2019,134342,40115.62,99
26/03/2019,134402,40115.79,99
26/03/2019,134422,40115.84,99
26/03/2019,134442,40115.92,99
26/03/2019,134502,40115.97,99
26/03/2019,134522,40116.19,99
26/03/2019,134542,40116.14,99
26/03/2019,134602,40116.26,99
26/03/2019,134622,40116.63,99
26/03/2019,134642,40116.49,99
26/03/2019,134702,40116.46,99
26/03/2019,134722,40116.6,99
26/03/2019,134742,40116.7,99
26/03/2019,134802,40116.79,99
26/03/2019,134822,40116.89,99
26/03/2019,134842,40117.09,99
26/03/2019,134902,40116.97,99
26/03/2019,134922,40116.96,99
26/03/2019,134942,40116.97,99
26/03/2019,135002,40116.9,99
26/03/2019,135022,40116.96,99
26/03/2019,135042,40116.85,99
26/03/2019,135102,40116.96,99
26/03/2019,135122,40117.02,99
26/03/2019,135142,40117.09,99
26/03/2019,135202,40117.07,99
26/03/2019,135222,40117.22,99
26/03/2019,135242,40117.19,99
26/03/2019,135302,40117.22,99
26/03/2019,135322,40117.39,99
26/03/2019,135342,40117.33,99
26/03/2019,135402,40117.35,99
26/03/2019,135422,40117.37,99
26/03/2019,135442,40117.52,99
26/03/2019,135502,40117.73,99
26/03/2019,135522,40117.66,99
26/03/2019,135542,40117.57,99
26/03/2019,135602,40117.57,99
26/03/2019,135622,40117.54,99
26/03/2019,135642,40117.64,99
26/03/2019,135702,40117.68,99
26/03/2019,135722,40117.76,99
26/03/2019,135742,40117.83,99
26/03/2019,135802,40117.89,99
26/03/2019,135822,40117.77,99
26/03/2019,135842,40117.85,99
26/03/2019,135902,40117.94,99
26/03/2019,135922,40117.76,99
26/03/2019,135942,40117.73,99
26/03/2019,140002,40117.68,99
26/03/2019,140022,40117.57,99
26/03/2019,140042,40117.68,99
26/03/2019,140102,40117.61,99
26/03/2019,140122,40117.52,99
26/03/2019,140142,40117.57,99
26/03/2019,140202,40117.63,99
26/03/2019,140222,40117.71,99
26/03/2019,140242,40117.67,99
26/03/2019,140302,40117.73,99
26/03/2019,140322,40117.88,99
26/03/2019,140342,40117.88,99
26/03/2019,140402,40117.98,99
26/03/2019,140422,40117.88,99
26/03/2019,140442,40117.82,99
26/03/2019,140502,40117.77,99
26/03/2019,140522,40117.53,99
26/03/2019,140542,40117.51,99
26/03/2019,140602,40117.56,99
26/03/2019,140622,40117.63,99
26/03/2019,140642,40117.69,99
26/03/2019,140702,40117.75,99
26/03/2019,140722,40117.79,99
26/03/2019,140742,40117.83,99
26/03/2019,140802,40117.88,99
26/03/2019,140822,40118.03,99
26/03/2019,140842,40118.1,99
26/03/2019,140902,40118.29,99
26/03/2019,140922,40118.3,99
26/03/2019,140942,40118.26,99
26/03/2019,141002,40118.19,99
26/03/2019,141022,40118.2,99
26/03/2019,141042,40118.14,99
26/03/2019,141102,40118.07,99
26/03/2019,141122,40117.9,99
26/03/2019,141142,40117.81,99
26/03/2019,141202,40117.71,99
26/03/2019,141222,40117.55,99
26/03/2019,141242,40117.6,99
26/03/2019,141302,40117.61,99
26/03/2019,141322,40117.63,99
26/03/2019,141342,40117.6,99
26/03/2019,141402,40117.59,99
26/03/2019,141422,40117.54,99
26/03/2019,141442,40117.54,99
26/03/2019,141502,40117.55,99
26/03/2019,141522,40117.68,99
26/03/2019,141542,40117.78,99
26/03/2019,141602,40117.8,99
26/03/2019,141622,40117.93,99
26/03/2019,141642,40117.99,99
26/03/2019,141702,40117.99,99
26/03/2019,141722,40117.94,99
26/03/2019,141742,40117.97,99
26/03/2019,141802,40118.02,99
26/03/2019,141822,40117.97,99
26/03/2019,141842,40117.82,99
26/03/2019,141902,40117.7,99
26/03/2019,141922,40117.74,99
26/03/2019,141942,40117.77,99
26/03/2019,142002,40117.81,99
26/03/2019,142022,40117.76,99
26/03/2019,142042,40117.86,99
26/03/2019,142102,40117.96,99
26/03/2019,142122,40118.04,99
26/03/2019,142142,40118.06,99
26/03/2019,142202,40118.13,99
26/03/2019,142222,40118.12,99
26/03/2019,142242,40118.17,99
26/03/2019,142302,40118,99
26/03/2019,142322,40118.07,99
26/03/2019,142342,40117.95,99
26/03/2019,142402,40117.84,99
26/03/2019,142422,40117.69,99
26/03/2019,142442,40117.46,99
26/03/2019,142502,40117.46,99
26/03/2019,142522,40117.26,99
26/03/2019,142542,40117.31,99
26/03/2019,142602,40117.2,99
26/03/2019,142622,40114.84,99
26/03/2019,142642,40114.44,99
26/03/2019,142702,40117.61,99
26/03/2019,142722,40107.73,99
26/03/2019,142742,40114.81,99
26/03/2019,142802,40113.62,99
26/03/2019,142822,40115.14,99
26/03/2019,142842,40113.57,99
26/03/2019,142902,40115.03,99
26/03/2019,142922,40112.65,99
26/03/2019,142942,40114.58,99
26/03/2019,143002,40113.58,99
05/04/2019,95602,40134.04,99
05/04/2019,95702,40134.29,99
05/04/2019,95802,40133.85,99
05/04/2019,95902,40132.21,99
05/04/2019,100002,40139.6,99
05/04/2019,100102,40136.8,99
05/04/2019,100202,40135.47,99
05/04/2019,100302,40135.9,99
05/04/2019,100402,40135.91,99
05/04/2019,100502,40136,99
05/04/2019,100602,40136.03,99
05/04/2019,100702,40135.76,99
05/04/2019,100802,40135.65,99
05/04/2019,100902,40135.72,99
05/04/2019,101002,40135.68,99
05/04/2019,101102,40135.79,99
05/04/2019,101202,40136.14,99
05/04/2019,101302,40136.54,99
05/04/2019,101402,40136.89,99
05/04/2019,101502,40137.14,99
05/04/2019,101602,40137.04,99
05/04/2019,101702,40137.52,99
05/04/2019,101802,40138.47,99
05/04/2019,101902,40138.65,99
05/04/2019,102002,40138.64,99
05/04/2019,102102,40138.67,99
05/04/2019,102202,40138.48,99
05/04/2019,102302,40139.28,99
05/04/2019,102402,40139.18,99
05/04/2019,102502,40139.21,99
05/04/2019,102602,40139.16,99
05/04/2019,102702,40139.1,99
05/04/2019,102802,40139.2,99
05/04/2019,102902,40139.09,99
05/04/2019,103002,40139.04,99
05/04/2019,103102,40138.68,99
05/04/2019,103202,40138.59,99
05/04/2019,103302,40138.37,99
05/04/2019,103402,40138.42,99
05/04/2019,103502,40138.28,99
05/04/2019,103602,40138.35,99
05/04/2019,103702,40138.38,99
05/04/2019,103802,40138.47,99
05/04/2019,103902,40138.4,99
05/04/2019,104002,40137.88,99
05/04/2019,104102,40137.58,99
05/04/2019,104202,40137.77,99
05/04/2019,104302,40137.78,99
05/04/2019,104402,40137.61,99
05/04/2019,104502,40137.55,99
05/04/2019,104602,40137.46,99
05/04/2019,104702,40137.53,99
05/04/2019,104802,40137.5,99
05/04/2019,104902,40137.34,99
05/04/2019,105002,40137.9,99
05/04/2019,105102,40137.36,99
05/04/2019,105202,40137,99
05/04/2019,105302,40137.06,99
05/04/2019,105402,40137.23,99
05/04/2019,105502,40137.2,99
05/04/2019,105602,40137.11,99
05/04/2019,105702,40136.97,99
05/04/2019,105802,40137.47,99
05/04/2019,105902,40137.58,99
05/04/2019,110002,40137.44,99
05/04/2019,110102,40137.66,99
05/04/2019,110202,40137.8,99
05/04/2019,110302,40137.81,99
05/04/2019,110402,40138.12,99
05/04/2019,110502,40138.35,99
05/04/2019,110602,40138.55,99
05/04/2019,110702,40138.48,99
05/04/2019,110802,40138.57,99
05/04/2019,110902,40138.68,99
05/04/2019,111002,40138.6,99
05/04/2019,111102,40138.47,99
05/04/2019,111202,40138.39,99
05/04/2019,111302,40138.33,99
05/04/2019,111402,40138.25,99
05/04/2019,111502,40138.14,99
05/04/2019,111602,40138.27,99
05/04/2019,111702,40138.16,99
05/04/2019,111802,40138.52,99
05/04/2019,111902,40138.66,99
05/04/2019,112002,40138.86,99
05/04/2019,112102,40139.19,99
05/04/2019,112202,40139.56,99
05/04/2019,112302,40139.72,99
05/04/2019,112402,40139.75,99
05/04/2019,112502,40139.67,99
05/04/2019,112602,40139.48,99
05/04/2019,112702,40139.29,99
05/04/2019,112802,40139.48,99
05/04/2019,112902,40139.38,99
05/04/2019,113002,40139.09,99
05/04/2019,113102,40139.37,99
05/04/2019,113202,40139.03,99
05/04/2019,113302,40139,99
05/04/2019,113402,40138.85,99
05/04/2019,113502,40138.62,99
05/04/2019,113602,40138.61,99
05/04/2019,113702,40138.34,99
05/04/2019,113802,40138.08,99
05/04/2019,113902,40138.32,99
05/04/2019,114002,40137.88,99
05/04/2019,114102,40137.48,99
05/04/2019,114202,40137.11,99
05/04/2019,114302,40136.64,99
05/04/2019,114402,40136.49,99
05/04/2019,114502,40136.22,99
05/04/2019,114602,40136.03,99
05/04/2019,114702,40136.13,99
05/04/2019,114802,40136.23,99
05/04/2019,114902,40136.19,99
05/04/2019,115002,40136.04,99
05/04/2019,115102,40136.05,99
05/04/2019,115202,40136.06,99
05/04/2019,115302,40136.65,99
05/04/2019,115402,40137.07,99
05/04/2019,115502,40137.26,99
05/04/2019,115602,40137.43,99
05/04/2019,115702,40137.63,99
05/04/2019,115802,40137.58,99
05/04/2019,115902,40137.52,99
05/04/2019,120002,40137.41,99
05/04/2019,120102,40137.37,99
05/04/2019,120202,40137.29,99
05/04/2019,120302,40137.27,99
05/04/2019,120402,40137.05,99
05/04/2019,120502,40136.93,99
05/04/2019,120602,40136.75,99
05/04/2019,120702,40136.65,99
05/04/2019,120802,40136.72,99
05/04/2019,120902,40136.7,99
05/04/2019,121002,40136.44,99
05/04/2019,121102,40136.44,99
05/04/2019,121202,40136.66,99
05/04/2019,121302,40136.59,99
05/04/2019,121402,40136.55,99
05/04/2019,121502,40136.26,99
05/04/2019,121602,40136.68,99
05/04/2019,121702,40136.78,99
05/04/2019,121802,40136.83,99
05/04/2019,121902,40136.45,99
05/04/2019,122002,40136.16,99
05/04/2019,122102,40136.3,99
05/04/2019,122202,40136.24,99
05/04/2019,122302,40136.03,99
05/04/2019,122402,40135.54,99
05/04/2019,122502,40135.18,99
05/04/2019,122602,40134.9,99
05/04/2019,122702,40134.52,99
05/04/2019,122802,40134.11,99
05/04/2019,122902,40133.58,99
05/04/2019,123002,40133.33,99
05/04/2019,123102,40132.82,99
05/04/2019,123202,40132.24,99
05/04/2019,123302,40132,99
05/04/2019,123402,40131.53,99
05/04/2019,123502,40130.61,99
05/04/2019,123602,40130.85,99
05/04/2019,123702,40130.5,99
05/04/2019,123802,40130.23,99
05/04/2019,123902,40130.13,99
05/04/2019,124002,40130.17,99
05/04/2019,124102,40130.06,99
05/04/2019,124202,40129.51,99
05/04/2019,124302,40129.82,99
05/04/2019,124402,40129.6,99
05/04/2019,124502,40129.78,99
05/04/2019,124602,40129.92,99
05/04/2019,124702,40130.11,99
05/04/2019,124802,40129.71,99
05/04/2019,124902,40129.48,99
05/04/2019,125002,40129.42,99
05/04/2019,125102,40128.48,99
05/04/2019,125202,40128.37,99
05/04/2019,125302,40128.22,99
05/04/2019,125402,40127.96,99
05/04/2019,125502,40127.63,99
05/04/2019,125602,40126.53,99
05/04/2019,125702,40125.8,99
05/04/2019,125802,40125.56,99
05/04/2019,125902,40125,99
05/04/2019,130002,40124.39,99
05/04/2019,130102,40123.97,99
05/04/2019,130202,40123.17,99
05/04/2019,130302,40122.82,99
05/04/2019,130402,40122,99
05/04/2019,130502,40121.16,99
05/04/2019,130602,40121.22,99
05/04/2019,130702,40121.12,99
05/04/2019,130802,40121.03,99
05/04/2019,130902,40121.19,99
05/04/2019,131002,40121.28,99
05/04/2019,131102,40120.68,99
05/04/2019,131202,40119.49,99
05/04/2019,131302,40118.92,99
05/04/2019,131402,40119.14,99
05/04/2019,131502,40119.33,99
05/04/2019,131602,40118.69,99
05/04/2019,131702,40117.69,99
05/04/2019,131802,40117.29,99
05/04/2019,131902,40116.7,99
05/04/2019,132002,40115.81,99
05/04/2019,132102,40115.23,99
05/04/2019,132202,40114.83,99
05/04/2019,132302,40114.54,99
05/04/2019,132402,40114.89,99
05/04/2019,132502,40114.05,99
05/04/2019,132602,40113.78,99
05/04/2019,132702,40113.73,99
05/04/2019,132802,40113.51,99
05/04/2019,132902,40113.12,99
05/04/2019,133002,40113.09,99
05/04/2019,133102,40113.31,99
05/04/2019,133202,40113.05,99
05/04/2019,133302,40113.04,99
05/04/2019,133402,40112.53,99
05/04/2019,133502,40112.45,99
05/04/2019,133602,40112.44,99
05/04/2019,133702,40111.96,99
05/04/2019,133802,40111.89,99
05/04/2019,133902,40111.42,99
05/04/2019,134002,40110.83,99
05/04/2019,134102,40110.82,99
05/04/2019,134202,40110.84,99
05/04/2019,134302,40110.65,99
05/04/2019,134402,40110.13,99
05/04/2019,134502,40109.37,99
05/04/2019,134602,40109.08,99
05/04/2019,134702,40109.18,99
05/04/2019,134802,40109.09,99
05/04/2019,134902,40110,99
05/04/2019,135002,40110.3,99
05/04/2019,135102,40109.39,99
05/04/2019,135202,40108.85,99
05/04/2019,135302,40108.91,99
05/04/2019,135402,40108.67,99
05/04/2019,135502,40108.6,99
05/04/2019,135602,40108.21,99
05/04/2019,135702,40107.93,99
05/04/2019,135802,40107.71,99
05/04/2019,135902,40108.57,99
05/04/2019,140002,40109.32,99
05/04/2019,140102,40109.03,99
05/04/2019,140202,40109.46,99
05/04/2019,140302,40109.8,99
05/04/2019,140402,40109.63,99
05/04/2019,140502,40109.79,99
05/04/2019,140602,40109.8,99
05/04/2019,140702,40109.14,99
05/04/2019,140802,40109.72,99
05/04/2019,140902,40110.65,99
05/04/2019,141002,40111.12,99
05/04/2019,141102,40110.73,99
05/04/2019,141202,40110.41,99
05/04/2019,141302,40109.35,99
05/04/2019,141402,40109.17,99
05/04/2019,141502,40110.65,99
05/04/2019,141602,40111.21,99
05/04/2019,141702,40111.65,99
05/04/2019,141802,40111.78,99
05/04/2019,141902,40112.38,99
05/04/2019,142002,40113.07,99
05/04/2019,142102,40114.53,99
05/04/2019,142202,40115.28,99
05/04/2019,142302,40115.83,99
05/04/2019,142402,40115.03,99
05/04/2019,142502,40114.24,99
05/04/2019,142602,40113.64,99
05/04/2019,142702,40113.19,99
05/04/2019,142802,40113.84,99
05/04/2019,142902,40114.74,99
05/04/2019,143002,40114.28,99
05/04/2019,143102,40114.27,99
05/04/2019,143202,40114.48,99
05/04/2019,143302,40114.97,99
05/04/2019,143402,40113.79,99
05/04/2019,143502,40112.05,99
05/04/2019,143602,40110.8,99
05/04/2019,143702,40112.57,99
05/04/2019,143802,40114.54,99
05/04/2019,143902,40114.75,99
05/04/2019,144002,40114.59,99
05/04/2019,144102,40115.62,99
05/04/2019,144202,40115.04,99
05/04/2019,144302,40114.86,99
05/04/2019,144402,40115.11,99
05/04/2019,144502,40115.37,99
05/04/2019,144602,40116.01,99
05/04/2019,144702,40116.1,99
05/04/2019,144802,40116.35,99
05/04/2019,144902,40116.47,99
05/04/2019,145002,40116.77,99
05/04/2019,145102,40117.07,99
05/04/2019,145202,40117.06,99
05/04/2019,145302,40116.76,99
05/04/2019,145402,40116.54,99
05/04/2019,145502,40116.44,99
05/04/2019,145602,40117.3,99
05/04/2019,145702,40118.02,99
05/04/2019,145802,40117.44,99
05/04/2019,145902,40117.87,99
05/04/2019,150002,40118.08,99
05/04/2019,150102,40118.19,99
05/04/2019,150202,40118.28,99
05/04/2019,150302,40118.4,99
05/04/2019,150402,40118.37,99
05/04/2019,150502,40117.86,99
05/04/2019,150602,40117.65,99
05/04/2019,150702,40115.89,99
05/04/2019,150802,40114.58,99
05/04/2019,150902,40116.3,99
05/04/2019,151002,40116.94,99
05/04/2019,151102,40115.83,99
05/04/2019,151202,40115.5,99
05/04/2019,151302,40116.08,99
05/04/2019,151402,40116.15,99
05/04/2019,151502,40116.23,99
05/04/2019,151602,40116.53,99
05/04/2019,151702,40116.36,99
05/04/2019,151802,40115.96,99
05/04/2019,151902,40115.94,99
05/04/2019,152002,40116.06,99
05/04/2019,152102,40116.72,99
05/04/2019,152202,40116.72,99
05/04/2019,152302,40116.17,99
05/04/2019,152402,40115.67,99
05/04/2019,152502,40116.27,99
05/04/2019,152602,40116.25,99
05/04/2019,152702,40115.88,99
05/04/2019,152802,40116.46,99
05/04/2019,152902,40116.86,99
05/04/2019,153002,40116.72,99
05/04/2019,153102,40116.75,99
05/04/2019,153202,40117.48,99