,date,time,gpslat,gpslon,magfield,datetime,decimal_date,igrf_date,D(°),I(°),H(nT),F(nT),X(nT),Y(nT),Z(nT),SV_D(min/yr),SV_I(min/yr),SV_H(nT/yr),SV_F(nT/yr),SV_X(nT/yr),SV_Y(nT/yr),SV_Z(nT/yr)
0,2019-03-26,12:02:04,19.660553,-101.208384,40147.4,2019-03-26 12:02:04,2019.2301369863014,2019.2301369863014,5.343007466477728,46.986798666204336,27440.993206285017,40226.21910589497,27321.764349024903,2555.2496949872125,29413.27243623343,6.405249538166546,0.968096628010179,-53.706897001692575,-91.12121596763255,-48.224159060659375,-56.712167540234994,-74.4945387847532
1,2019-03-26,12:03:20,19.660705,-101.208489,40099.0,2019-03-26 12:03:20,2019.2301369863014,2019.2301369863014,5.343007466477728,46.986798666204336,27440.993206285017,40226.21910589497,27321.764349024903,2555.2496949872125,29413.27243623343,6.405249538166546,0.968096628010179,-53.706897001692575,-91.12121596763255,-48.224159060659375,-56.712167540234994,-74.4945387847532
2,2019-03-26,12:04:21,19.660856,-101.208593,40131.4,2019-03-26 12:04:21,2019.2301369863014,2019.2301369863014,5.343007466477728,46.986798666204336,27440.993206285017,40226.21910589497,27321.764349024903,2555.2496949872125,29413.27243623343,6.405249538166546,0.968096628010179,-53.706897001692575,-91.12121596763255,-48.224159060659375,-56.712167540234994,-74.4945387847532
3,2019-03-26,12:05:35,19.660801,-101.208005,40129.2,2019-03-26 12:05:35,2019.2301369863014,2019.2301369863014,5.343007466477728,46.986798666204336,27440.993206285017,40226.21910589497,27321.764349024903,2555.2496949872125,29413.27243623343,6.405249538166546,0.968096628010179,-53.706897001692575,-91.12121596763255,-48.224159060659375,-56.712167540234994,-74.4945387847532
4,2019-03-26,12:07:41,19.661008,-101.208697,40126.6,2019-03-26 12:07:41,2019.2301369863014,2019.2301369863014,5.343007466477728,46.986798666204336,27440.993206285017,40226.21910589497,27321.764349024903,2555.2496949872125,29413.27243623343,6.405249538166546,0.968096628010179,-53.706897001692575,-91.12121596763255,-48.224159060659375,-56.712167540234994,-74.4945387847532
5,2019-03-26,12:07:50,19.660963,-101.20812,40123.0,2019-03-26 12:07:50,2019.2301369863014,2019.2301369863014,5.343007466477728,46.986798666204336,27440.993206285017,40226.21910589497,27321.764349024903,2555.2496949872125,29413.27243623343,6.405249538166546,0.968096628010179,-53.706897001692575,-91.12121596763255,-48.224159060659375,-56.712167540234994,-74.4945387847532
6,2019-03-26,12:08:45,19.661159,-101.208801,40178.6,2019-03-26 12:08:45,2019.2301369863014,2019.2301369863014,5.343007466477728,46.986798666204336,27440.993206285017,40226.21910589497,27321.764349024903,2555.2496949872125,29413.27243623343,6.405249538166546,0.968096628010179,-53.706897001692575,-91.12121596763255,-48.224159060659375,-56.712167540234994,-74.4945387847532
7,2019-03-26,12:09:02,19.661118,-101.208211,40106.0,2019-03-26 12:09:02,2019.2301369863014,2019.2301369863014,5.343007466477728,46.986798666204336,27440.993206285017,40226.21910589497,27321.764349024903,2555.2496949872125,29413.27243623343,6.405249538166546,0.968096628010179,-53.706897001692575,-91.12121596763255,-48.224159060659375,-56.712167540234994,-74.4945387847532
8,2019-03-26,12:09:31,19.66131,-101.208905,40112.0,2019-03-26 12:09:31,2019.2301369863014,2019.2301369863014,5.343007466477728,46.986798666204336,27440.993206285017,40226.21910589497,27321.764349024903,2555.2496949872125,29413.27243623343,6.405249538166546,0.968096628010179,-53.706897001692575,-91.12121596763255,-48.224159060659375,-56.712167540234994,-74.4945387847532
9,2019-03-26,12:10:11,19.661462,-101.209009,40108.8,2019-03-26 12:10:11,2019.2301369863014,2019.2301369863014,5.343007466477728,46.986798666204336,27440.993206285017,40226.21910589497,27321.764349024903,2555.2496949872125,29413.27243623343,6.405249538166546,0.968096628010179,-53.706897001692575,-91.12121596763255,-48.224159060659375,-56.712167540234994,-74.4945387847532
10,2019-03-26,12:10:36,19.66128,-101.208305,40138.2,2019-03-26 12:10:36,2019.2301369863014,2019.2301369863014,5.343007466477728,46.986798666204336,27440.993206285017,40226.21910589497,27321.764349024903,2555.2496949872125,29413.27243623343,6.405249538166546,0.968096628010179,-53.706897001692575,-91.12121596763255,-48.224159060659375,-56.712167540234994,-74.4945387847532
11,2019-03-26,12:10:45,19.661613,-101.209113,40139.0,2019-03-26 12:10:45,2019.2301369863014,2019.2301369863014,5.343007466477728,46.986798666204336,27440.993206285017,40226.21910589497,27321.764349024903,2555.2496949872125,29413.27243623343,6.405249538166546,0.968096628010179,-53.706897001692575,-91.12121596763255,-48.224159060659375,-56.712167540234994,-74.4945387847532
12,2019-03-26,12:11:20,19.661765,-101.209217,40133.0,2019-03-26 12:11:20,2019.2301369863014,2019.2301369863014,5.343007466477728,46.986798666204336,27440.993206285017,40226.21910589497,27321.764349024903,2555.2496949872125,29413.27243623343,6.405249538166546,0.968096628010179,-53.706897001692575,-91.12121596763255,-48.224159060659375,-56.712167540234994,-74.4945387847532
13,2019-03-26,12:11:53,19.661916,-101.209321,40121.8,2019-03-26 12:11:53,2019.2301369863014,2019.2301369863014,5.343007466477728,46.986798666204336,27440.993206285017,40226.21910589497,27321.764349024903,2555.2496949872125,29413.27243623343,6.405249538166546,0.968096628010179,-53.706897001692575,-91.12121596763255,-48.224159060659375,-56.712167540234994,-74.4945387847532
14,2019-03-26,12:12:23,19.661423,-101.208421,40151.8,2019-03-26 12:12:23,2019.2301369863014,2019.2301369863014,5.343007466477728,46.986798666204336,27440.993206285017,40226.21910589497,27321.764349024903,2555.2496949872125,29413.27243623343,6.405249538166546,0.968096628010179,-53.706897001692575,-91.12121596763255,-48.224159060659375,-56.712167540234994,-74.4945387847532
15,2019-03-26,12:12:29,19.662067,-101.209425,40147.8,2019-03-26 12:12:29,2019.2301369863014,2019.2301369863014,5.343007466477728,46.986798666204336,27440.993206285017,40226.21910589497,27321.764349024903,2555.2496949872125,29413.27243623343,6.405249538166546,0.968096628010179,-53.706897001692575,-91.12121596763255,-48.224159060659375,-56.712167540234994,-74.4945387847532
16,2019-03-26,12:13:09,19.662219,-101.20953,40150.4,2019-03-26 12:13:09,2019.2301369863014,2019.2301369863014,5.343007466477728,46.986798666204336,27440.993206285017,40226.21910589497,27321.764349024903,2555.2496949872125,29413.27243623343,6.405249538166546,0.968096628010179,-53.706897001692575,-91.12121596763255,-48.224159060659375,-56.712167540234994,-74.4945387847532
17,2019-03-26,12:13:34,19.661566,-101.208516,40164.4,2019-03-26 12:13:34,2019.2301369863014,2019.2301369863014,5.343007466477728,46.986798666204336,27440.993206285017,40226.21910589497,27321.764349024903,2555.2496949872125,29413.27243623343,6.405249538166546,0.968096628010179,-53.706897001692575,-91.12121596763255,-48.224159060659375,-56.712167540234994,-74.4945387847532
18,2019-03-26,12:13:41,19.66237,-101.209634,40126.6,2019-03-26 12:13:41,2019.2301369863014,2019.2301369863014,5.343007466477728,46.986798666204336,27440.993206285017,40226.21910589497,27321.764349024903,2555.2496949872125,29413.27243623343,6.405249538166546,0.968096628010179,-53.706897001692575,-91.12121596763255,-48.224159060659375,-56.712167540234994,-74.4945387847532
19,2019-03-26,12:14:13,19.662521,-101.209738,40143.4,2019-03-26 12:14:13,2019.2301369863014,2019.2301369863014,5.343007466477728,46.986798666204336,27440.993206285017,40226.21910589497,27321.764349024903,2555.2496949872125,29413.27243623343,6.405249538166546,0.968096628010179,-53.706897001692575,-91.12121596763255,-48.224159060659375,-56.712167540234994,-74.4945387847532
20,2019-03-26,12:14:33,19.661711,-101.208598,40184.4,2019-03-26 12:14:33,2019.2301369863014,2019.2301369863014,5.343007466477728,46.986798666204336,27440.993206285017,40226.21910589497,27321.764349024903,2555.2496949872125,29413.27243623343,6.405249538166546,0.968096628010179,-53.706897001692575,-91.12121596763255,-48.224159060659375,-56.712167540234994,-74.4945387847532
21,2019-03-26,12:14:46,19.662673,-101.209842,40149.0,2019-03-26 12:14:46,2019.2301369863014,2019.2301369863014,5.343007466477728,46.986798666204336,27440.993206285017,40226.21910589497,27321.764349024903,2555.2496949872125,29413.27243623343,6.405249538166546,0.968096628010179,-53.706897001692575,-91.12121596763255,-48.224159060659375,-56.712167540234994,-74.4945387847532
22,2019-03-26,12:15:17,19.662824,-101.209946,40137.0,2019-03-26 12:15:17,2019.2301369863014,2019.2301369863014,5.343007466477728,46.986798666204336,27440.993206285017,40226.21910589497,27321.764349024903,2555.2496949872125,29413.27243623343,6.405249538166546,0.968096628010179,-53.706897001692575,-91.12121596763255,-48.224159060659375,-56.712167540234994,-74.4945387847532
23,2019-03-26,12:15:45,19.662976,-101.21005,40144.0,2019-03-26 12:15:45,2019.2301369863014,2019.2301369863014,5.343007466477728,46.986798666204336,27440.993206285017,40226.21910589497,27321.764349024903,2555.2496949872125,29413.27243623343,6.405249538166546,0.968096628010179,-53.706897001692575,-91.12121596763255,-48.224159060659375,-56.712167540234994,-74.4945387847532
24,2019-03-26,12:15:53,19.661876,-101.208733,40162.8,2019-03-26 12:15:53,2019.2301369863014,2019.2301369863014,5.343007466477728,46.986798666204336,27440.993206285017,40226.21910589497,27321.764349024903,2555.2496949872125,29413.27243623343,6.405249538166546,0.968096628010179,-53.706897001692575,-91.12121596763255,-48.224159060659375,-56.712167540234994,-74.4945387847532
25,2019-03-26,12:16:34,19.663127,-101.210154,40147.4,2019-03-26 12:16:34,2019.2301369863014,2019.2301369863014,5.343007466477728,46.986798666204336,27440.993206285017,40226.21910589497,27321.764349024903,2555.2496949872125,29413.27243623343,6.405249538166546,0.968096628010179,-53.706897001692575,-91.12121596763255,-48.224159060659375,-56.712167540234994,-74.4945387847532
26,2019-03-26,12:17:19,19.663278,-101.210258,40128.8,2019-03-26 12:17:19,2019.2301369863014,2019.2301369863014,5.343007466477728,46.986798666204336,27440.993206285017,40226.21910589497,27321.764349024903,2555.2496949872125,29413.27243623343,6.405249538166546,0.968096628010179,-53.706897001692575,-91.12121596763255,-48.224159060659375,-56.712167540234994,-74.4945387847532
27,2019-03-26,12:17:25,19.662023,-101.208844,40162.6,2019-03-26 12:17:25,2019.2301369863014,2019.2301369863014,5.343007466477728,46.986798666204336,27440.993206285017,40226.21910589497,27321.764349024903,2555.2496949872125,29413.27243623343,6.405249538166546,0.968096628010179,-53.706897001692575,-91.12121596763255,-48.224159060659375,-56.712167540234994,-74.4945387847532
28,2019-03-26,12:17:33,19.662023,-101.208841,40163.0,2019-03-26 12:17:33,2019.2301369863014,2019.2301369863014,5.343007466477728,46.986798666204336,27440.993206285017,40226.21910589497,27321.764349024903,2555.2496949872125,29413.27243623343,6.405249538166546,0.968096628010179,-53.706897001692575,-91.12121596763255,-48.224159060659375,-56.712167540234994,-74.4945387847532
29,2019-03-26,12:18:07,19.66343,-101.210362,40124.0,2019-03-26 12:18:07,2019.2301369863014,2019.2301369863014,5.343007466477728,46.986798666204336,27440.993206285017,40226.21910589497,27321.764349024903,2555.2496949872125,29413.27243623343,6.405249538166546,0.968096628010179,-53.706897001692575,-91.12121596763255,-48.224159060659375,-56.712167540234994,-74.4945387847532
30,2019-03-26,12:19:19,19.662178,-101.20893,40148.8,2019-03-26 12:19:19,2019.2301369863014,2019.2301369863014,5.343007466477728,46.986798666204336,27440.993206285017,40226.21910589497,27321.764349024903,2555.2496949872125,29413.27243623343,6.405249538166546,0.968096628010179,-53.706897001692575,-91.12121596763255,-48.224159060659375,-56.712167540234994,-74.4945387847532
31,2019-03-26,12:19:40,19.663581,-101.210466,39943.0,2019-03-26 12:19:40,2019.2301369863014,2019.2301369863014,5.343007466477728,46.986798666204336,27440.993206285017,40226.21910589497,27321.764349024903,2555.2496949872125,29413.27243623343,6.405249538166546,0.968096628010179,-53.706897001692575,-91.12121596763255,-48.224159060659375,-56.712167540234994,-74.4945387847532
32,2019-03-26,12:20:38,19.66233,-101.209039,40144.6,2019-03-26 12:20:38,2019.2301369863014,2019.2301369863014,5.343007466477728,46.986798666204336,27440.993206285017,40226.21910589497,27321.764349024903,2555.2496949872125,29413.27243623343,6.405249538166546,0.968096628010179,-53.706897001692575,-91.12121596763255,-48.224159060659375,-56.712167540234994,-74.4945387847532
33,2019-03-26,12:21:39,19.662465,-101.209135,40135.0,2019-03-26 12:21:39,2019.2301369863014,2019.2301369863014,5.343007466477728,46.986798666204336,27440.993206285017,40226.21910589497,27321.764349024903,2555.2496949872125,29413.27243623343,6.405249538166546,0.968096628010179,-53.706897001692575,-91.12121596763255,-48.224159060659375,-56.712167540234994,-74.4945387847532
34,2019-03-26,12:23:03,19.663733,-101.21057,40238.8,2019-03-26 12:23:03,2019.2301369863014,2019.2301369863014,5.343007466477728,46.986798666204336,27440.993206285017,40226.21910589497,27321.764349024903,2555.2496949872125,29413.27243623343,6.405249538166546,0.968096628010179,-53.706897001692575,-91.12121596763255,-48.224159060659375,-56.712167540234994,-74.4945387847532
35,2019-03-26,12:23:05,19.662645,-101.20926,40099.6,2019-03-26 12:23:05,2019.2301369863014,2019.2301369863014,5.343007466477728,46.986798666204336,27440.993206285017,40226.21910589497,27321.764349024903,2555.2496949872125,29413.27243623343,6.405249538166546,0.968096628010179,-53.706897001692575,-91.12121596763255,-48.224159060659375,-56.712167540234994,-74.4945387847532
36,2019-03-26,12:24:10,19.662803,-101.209358,40134.6,2019-03-26 12:24:10,2019.2301369863014,2019.2301369863014,5.343007466477728,46.986798666204336,27440.993206285017,40226.21910589497,27321.764349024903,2555.2496949872125,29413.27243623343,6.405249538166546,0.968096628010179,-53.706897001692575,-91.12121596763255,-48.224159060659375,-56.712167540234994,-74.4945387847532
37,2019-03-26,12:25:22,19.663884,-101.210675,40086.2,2019-03-26 12:25:22,2019.2301369863014,2019.2301369863014,5.343007466477728,46.986798666204336,27440.993206285017,40226.21910589497,27321.764349024903,2555.2496949872125,29413.27243623343,6.405249538166546,0.968096628010179,-53.706897001692575,-91.12121596763255,-48.224159060659375,-56.712167540234994,-74.4945387847532
38,2019-03-26,12:25:25,19.66292,-101.209435,40132.2,2019-03-26 12:25:25,2019.2301369863014,2019.2301369863014,5.343007466477728,46.986798666204336,27440.993206285017,40226.21910589497,27321.764349024903,2555.2496949872125,29413.27243623343,6.405249538166546,0.968096628010179,-53.706897001692575,-91.12121596763255,-48.224159060659375,-56.712167540234994,-74.4945387847532
39,2019-03-26,12:27:25,19.663078,-101.209566,40164.4,2019-03-26 12:27:25,2019.2301369863014,2019.2301369863014,5.343007466477728,46.986798666204336,27440.993206285017,40226.21910589497,27321.764349024903,2555.2496949872125,29413.27243623343,6.405249538166546,0.968096628010179,-53.706897001692575,-91.12121596763255,-48.224159060659375,-56.712167540234994,-74.4945387847532
40,2019-03-26,12:28:09,19.664035,-101.210779,40137.2,2019-03-26 12:28:09,2019.2301369863014,2019.2301369863014,5.343007466477728,46.986798666204336,27440.993206285017,40226.21910589497,27321.764349024903,2555.2496949872125,29413.27243623343,6.405249538166546,0.968096628010179,-53.706897001692575,-91.12121596763255,-48.224159060659375,-56.712167540234994,-74.4945387847532
41,2019-03-26,12:31:43,19.66322,-101.209675,40144.0,2019-03-26 12:31:43,2019.2301369863014,2019.2301369863014,5.343007466477728,46.986798666204336,27440.993206285017,40226.21910589497,27321.764349024903,2555.2496949872125,29413.27243623343,6.405249538166546,0.968096628010179,-53.706897001692575,-91.12121596763255,-48.224159060659375,-56.712167540234994,-74.4945387847532
42,2019-03-26,12:32:01,19.663211,-101.20967,40143.8,2019-03-26 12:32:01,2019.2301369863014,2019.2301369863014,5.343007466477728,46.986798666204336,27440.993206285017,40226.21910589497,27321.764349024903,2555.2496949872125,29413.27243623343,6.405249538166546,0.968096628010179,-53.706897001692575,-91.12121596763255,-48.224159060659375,-56.712167540234994,-74.4945387847532
43,2019-03-26,12:32:06,19.664187,-101.210883,40117.6,2019-03-26 12:32:06,2019.2301369863014,2019.2301369863014,5.343007466477728,46.986798666204336,27440.993206285017,40226.21910589497,27321.764349024903,2555.2496949872125,29413.27243623343,6.405249538166546,0.968096628010179,-53.706897001692575,-91.12121596763255,-48.224159060659375,-56.712167540234994,-74.4945387847532
44,2019-03-26,12:33:43,19.664338,-101.210987,40115.2,2019-03-26 12:33:43,2019.2301369863014,2019.2301369863014,5.343007466477728,46.986798666204336,27440.993206285017,40226.21910589497,27321.764349024903,2555.2496949872125,29413.27243623343,6.405249538166546,0.968096628010179,-53.706897001692575,-91.12121596763255,-48.224159060659375,-56.712167540234994,-74.4945387847532
45,2019-03-26,12:34:27,19.663383,-101.209736,40153.4,2019-03-26 12:34:27,2019.2301369863014,2019.2301369863014,5.343007466477728,46.986798666204336,27440.993206285017,40226.21910589497,27321.764349024903,2555.2496949872125,29413.27243623343,6.405249538166546,0.968096628010179,-53.706897001692575,-91.12121596763255,-48.224159060659375,-56.712167540234994,-74.4945387847532
46,2019-03-26,12:35:19,19.664489,-101.211091,40109.6,2019-03-26 12:35:19,2019.2301369863014,2019.2301369863014,5.343007466477728,46.986798666204336,27440.993206285017,40226.21910589497,27321.764349024903,2555.2496949872125,29413.27243623343,6.405249538166546,0.968096628010179,-53.706897001692575,-91.12121596763255,-48.224159060659375,-56.712167540234994,-74.4945387847532
47,2019-03-26,12:36:40,19.663524,-101.209848,40119.2,2019-03-26 12:36:40,2019.2301369863014,2019.2301369863014,5.343007466477728,46.986798666204336,27440.993206285017,40226.21910589497,27321.764349024903,2555.2496949872125,29413.27243623343,6.405249538166546,0.968096628010179,-53.706897001692575,-91.12121596763255,-48.224159060659375,-56.712167540234994,-74.4945387847532
48,2019-03-26,12:37:50,19.664641,-101.211195,40118.4,2019-03-26 12:37:50,2019.2301369863014,2019.2301369863014,5.343007466477728,46.986798666204336,27440.993206285017,40226.21910589497,27321.764349024903,2555.2496949872125,29413.27243623343,6.405249538166546,0.968096628010179,-53.706897001692575,-91.12121596763255,-48.224159060659375,-56.712167540234994,-74.4945387847532
49,2019-03-26,12:38:46,19.664792,-101.211299,40112.0,2019-03-26 12:38:46,2019.2301369863014,2019.2301369863014,5.343007466477728,46.986798666204336,27440.993206285017,40226.21910589497,27321.764349024903,2555.2496949872125,29413.27243623343,6.405249538166546,0.968096628010179,-53.706897001692575,-91.12121596763255,-48.224159060659375,-56.712167540234994,-74.4945387847532
50,2019-03-26,12:41:36,19.663724,-101.209956,40163.6,2019-03-26 12:41:36,2019.2301369863014,2019.2301369863014,5.343007466477728,46.986798666204336,27440.993206285017,40226.21910589497,27321.764349024903,2555.2496949872125,29413.27243623343,6.405249538166546,0.968096628010179,-53.706897001692575,-91.12121596763255,-48.224159060659375,-56.712167540234994,-74.4945387847532
51,2019-03-26,12:48:15,19.664944,-101.211403,40120.2,2019-03-26 12:48:15,2019.2301369863014,2019.2301369863014,5.343007466477728,46.986798666204336,27440.993206285017,40226.21910589497,27321.764349024903,2555.2496949872125,29413.27243623343,6.405249538166546,0.968096628010179,-53.706897001692575,-91.12121596763255,-48.224159060659375,-56.712167540234994,-74.4945387847532
52,2019-03-26,12:48:43,19.665095,-101.211507,40110.4,2019-03-26 12:48:43,2019.2301369863014,2019.2301369863014,5.343007466477728,46.986798666204336,27440.993206285017,40226.21910589497,27321.764349024903,2555.2496949872125,29413.27243623343,6.405249538166546,0.968096628010179,-53.706897001692575,-91.12121596763255,-48.224159060659375,-56.712167540234994,-74.4945387847532
53,2019-03-26,12:49:10,19.665246,-101.211611,40121.8,2019-03-26 12:49:10,2019.2301369863014,2019.2301369863014,5.343007466477728,46.986798666204336,27440.993206285017,40226.21910589497,27321.764349024903,2555.2496949872125,29413.27243623343,6.405249538166546,0.968096628010179,-53.706897001692575,-91.12121596763255,-48.224159060659375,-56.712167540234994,-74.4945387847532
54,2019-03-26,12:49:45,19.665398,-101.211715,40124.8,2019-03-26 12:49:45,2019.2301369863014,2019.2301369863014,5.343007466477728,46.986798666204336,27440.993206285017,40226.21910589497,27321.764349024903,2555.2496949872125,29413.27243623343,6.405249538166546,0.968096628010179,-53.706897001692575,-91.12121596763255,-48.224159060659375,-56.712167540234994,-74.4945387847532
55,2019-03-26,12:50:03,19.663874,-101.210103,40183.2,2019-03-26 12:50:03,2019.2301369863014,2019.2301369863014,5.343007466477728,46.986798666204336,27440.993206285017,40226.21910589497,27321.764349024903,2555.2496949872125,29413.27243623343,6.405249538166546,0.968096628010179,-53.706897001692575,-91.12121596763255,-48.224159060659375,-56.712167540234994,-74.4945387847532
56,2019-03-26,12:50:16,19.665549,-101.21182,40134.2,2019-03-26 12:50:16,2019.2301369863014,2019.2301369863014,5.343007466477728,46.986798666204336,27440.993206285017,40226.21910589497,27321.764349024903,2555.2496949872125,29413.27243623343,6.405249538166546,0.968096628010179,-53.706897001692575,-91.12121596763255,-48.224159060659375,-56.712167540234994,-74.4945387847532
57,2019-03-26,12:50:44,19.665701,-101.211924,40133.0,2019-03-26 12:50:44,2019.2301369863014,2019.2301369863014,5.343007466477728,46.986798666204336,27440.993206285017,40226.21910589497,27321.764349024903,2555.2496949872125,29413.27243623343,6.405249538166546,0.968096628010179,-53.706897001692575,-91.12121596763255,-48.224159060659375,-56.712167540234994,-74.4945387847532
58,2019-03-26,12:51:19,19.665852,-101.212028,40142.0,2019-03-26 12:51:19,2019.2301369863014,2019.2301369863014,5.343007466477728,46.986798666204336,27440.993206285017,40226.21910589497,27321.764349024903,2555.2496949872125,29413.27243623343,6.405249538166546,0.968096628010179,-53.706897001692575,-91.12121596763255,-48.224159060659375,-56.712167540234994,-74.4945387847532
59,2019-03-26,12:52:01,19.666003,-101.212132,40149.8,2019-03-26 12:52:01,2019.2301369863014,2019.2301369863014,5.343007466477728,46.986798666204336,27440.993206285017,40226.21910589497,27321.764349024903,2555.2496949872125,29413.27243623343,6.405249538166546,0.968096628010179,-53.706897001692575,-91.12121596763255,-48.224159060659375,-56.712167540234994,-74.4945387847532
60,2019-03-26,12:52:31,19.666155,-101.212236,40154.2,2019-03-26 12:52:31,2019.2301369863014,2019.2301369863014,5.343007466477728,46.986798666204336,27440.993206285017,40226.21910589497,27321.764349024903,2555.2496949872125,29413.27243623343,6.405249538166546,0.968096628010179,-53.706897001692575,-91.12121596763255,-48.224159060659375,-56.712167540234994,-74.4945387847532
61,2019-03-26,12:52:58,19.666306,-101.21234,40163.0,2019-03-26 12:52:58,2019.2301369863014,2019.2301369863014,5.343007466477728,46.986798666204336,27440.993206285017,40226.21910589497,27321.764349024903,2555.2496949872125,29413.27243623343,6.405249538166546,0.968096628010179,-53.706897001692575,-91.12121596763255,-48.224159060659375,-56.712167540234994,-74.4945387847532
62,2019-03-26,12:53:28,19.666457,-101.212444,40168.6,2019-03-26 12:53:28,2019.2301369863014,2019.2301369863014,5.343007466477728,46.986798666204336,27440.993206285017,40226.21910589497,27321.764349024903,2555.2496949872125,29413.27243623343,6.405249538166546,0.968096628010179,-53.706897001692575,-91.12121596763255,-48.224159060659375,-56.712167540234994,-74.4945387847532
63,2019-03-26,12:53:54,19.666609,-101.212548,40168.0,2019-03-26 12:53:54,2019.2301369863014,2019.2301369863014,5.343007466477728,46.986798666204336,27440.993206285017,40226.21910589497,27321.764349024903,2555.2496949872125,29413.27243623343,6.405249538166546,0.968096628010179,-53.706897001692575,-91.12121596763255,-48.224159060659375,-56.712167540234994,-74.4945387847532
64,2019-03-26,12:54:19,19.66676,-101.212652,40165.6,2019-03-26 12:54:19,2019.2301369863014,2019.2301369863014,5.343007466477728,46.986798666204336,27440.993206285017,40226.21910589497,27321.764349024903,2555.2496949872125,29413.27243623343,6.405249538166546,0.968096628010179,-53.706897001692575,-91.12121596763255,-48.224159060659375,-56.712167540234994,-74.4945387847532
65,2019-03-26,12:54:50,19.666912,-101.212756,40168.6,2019-03-26 12:54:50,2019.2301369863014,2019.2301369863014,5.343007466477728,46.986798666204336,27440.993206285017,40226.21910589497,27321.764349024903,2555.2496949872125,29413.27243623343,6.405249538166546,0.968096628010179,-53.706897001692575,-91.12121596763255,-48.224159060659375,-56.712167540234994,-74.4945387847532
66,2019-03-26,13:00:26,19.667173,-101.212367,40167.8,2019-03-26 13:00:26,2019.2301369863014,2019.2301369863014,5.343007466477728,46.986798666204336,27440.993206285017,40226.21910589497,27321.764349024903,2555.2496949872125,29413.27243623343,6.405249538166546,0.968096628010179,-53.706897001692575,-91.12121596763255,-48.224159060659375,-56.712167540234994,-74.4945387847532
67,2019-03-26,13:01:01,19.667021,-101.212263,40020.8,2019-03-26 13:01:01,2019.2301369863014,2019.2301369863014,5.343007466477728,46.986798666204336,27440.993206285017,40226.21910589497,27321.764349024903,2555.2496949872125,29413.27243623343,6.405249538166546,0.968096628010179,-53.706897001692575,-91.12121596763255,-48.224159060659375,-56.712167540234994,-74.4945387847532
68,2019-03-26,13:04:16,19.663981,-101.210248,40161.6,2019-03-26 13:04:16,2019.2301369863014,2019.2301369863014,5.343007466477728,46.986798666204336,27440.993206285017,40226.21910589497,27321.764349024903,2555.2496949872125,29413.27243623343,6.405249538166546,0.968096628010179,-53.706897001692575,-91.12121596763255,-48.224159060659375,-56.712167540234994,-74.4945387847532
69,2019-03-26,13:13:46,19.66687,-101.212159,40164.8,2019-03-26 13:13:46,2019.2301369863014,2019.2301369863014,5.343007466477728,46.986798666204336,27440.993206285017,40226.21910589497,27321.764349024903,2555.2496949872125,29413.27243623343,6.405249538166546,0.968096628010179,-53.706897001692575,-91.12121596763255,-48.224159060659375,-56.712167540234994,-74.4945387847532
70,2019-03-26,13:14:17,19.666718,-101.212055,40167.2,2019-03-26 13:14:17,2019.2301369863014,2019.2301369863014,5.343007466477728,46.986798666204336,27440.993206285017,40226.21910589497,27321.764349024903,2555.2496949872125,29413.27243623343,6.405249538166546,0.968096628010179,-53.706897001692575,-91.12121596763255,-48.224159060659375,-56.712167540234994,-74.4945387847532
71,2019-03-26,13:14:51,19.666567,-101.211951,40169.4,2019-03-26 13:14:51,2019.2301369863014,2019.2301369863014,5.343007466477728,46.986798666204336,27440.993206285017,40226.21910589497,27321.764349024903,2555.2496949872125,29413.27243623343,6.405249538166546,0.968096628010179,-53.706897001692575,-91.12121596763255,-48.224159060659375,-56.712167540234994,-74.4945387847532
72,2019-03-26,13:15:23,19.666416,-101.211846,40168.8,2019-03-26 13:15:23,2019.2301369863014,2019.2301369863014,5.343007466477728,46.986798666204336,27440.993206285017,40226.21910589497,27321.764349024903,2555.2496949872125,29413.27243623343,6.405249538166546,0.968096628010179,-53.706897001692575,-91.12121596763255,-48.224159060659375,-56.712167540234994,-74.4945387847532
73,2019-03-26,13:15:53,19.666264,-101.211742,40170.2,2019-03-26 13:15:53,2019.2301369863014,2019.2301369863014,5.343007466477728,46.986798666204336,27440.993206285017,40226.21910589497,27321.764349024903,2555.2496949872125,29413.27243623343,6.405249538166546,0.968096628010179,-53.706897001692575,-91.12121596763255,-48.224159060659375,-56.712167540234994,-74.4945387847532
74,2019-03-26,13:16:31,19.666113,-101.211638,40163.8,2019-03-26 13:16:31,2019.2301369863014,2019.2301369863014,5.343007466477728,46.986798666204336,27440.993206285017,40226.21910589497,27321.764349024903,2555.2496949872125,29413.27243623343,6.405249538166546,0.968096628010179,-53.706897001692575,-91.12121596763255,-48.224159060659375,-56.712167540234994,-74.4945387847532
75,2019-03-26,13:17:24,19.665962,-101.211534,40149.2,2019-03-26 13:17:24,2019.2301369863014,2019.2301369863014,5.343007466477728,46.986798666204336,27440.993206285017,40226.21910589497,27321.764349024903,2555.2496949872125,29413.27243623343,6.405249538166546,0.968096628010179,-53.706897001692575,-91.12121596763255,-48.224159060659375,-56.712167540234994,-74.4945387847532
76,2019-03-26,13:17:57,19.66581,-101.21143,40113.0,2019-03-26 13:17:57,2019.2301369863014,2019.2301369863014,5.343007466477728,46.986798666204336,27440.993206285017,40226.21910589497,27321.764349024903,2555.2496949872125,29413.27243623343,6.405249538166546,0.968096628010179,-53.706897001692575,-91.12121596763255,-48.224159060659375,-56.712167540234994,-74.4945387847532
77,2019-03-26,13:18:28,19.665659,-101.211326,40114.6,2019-03-26 13:18:28,2019.2301369863014,2019.2301369863014,5.343007466477728,46.986798666204336,27440.993206285017,40226.21910589497,27321.764349024903,2555.2496949872125,29413.27243623343,6.405249538166546,0.968096628010179,-53.706897001692575,-91.12121596763255,-48.224159060659375,-56.712167540234994,-74.4945387847532
78,2019-03-26,13:18:57,19.665507,-101.211222,40077.6,2019-03-26 13:18:57,2019.2301369863014,2019.2301369863014,5.343007466477728,46.986798666204336,27440.993206285017,40226.21910589497,27321.764349024903,2555.2496949872125,29413.27243623343,6.405249538166546,0.968096628010179,-53.706897001692575,-91.12121596763255,-48.224159060659375,-56.712167540234994,-74.4945387847532
79,2019-03-26,13:19:30,19.665356,-101.211118,40062.8,2019-03-26 13:19:30,2019.2301369863014,2019.2301369863014,5.343007466477728,46.986798666204336,27440.993206285017,40226.21910589497,27321.764349024903,2555.2496949872125,29413.27243623343,6.405249538166546,0.968096628010179,-53.706897001692575,-91.12121596763255,-48.224159060659375,-56.712167540234994,-74.4945387847532
80,2019-03-26,13:20:03,19.665205,-101.211014,40048.4,2019-03-26 13:20:03,2019.2301369863014,2019.2301369863014,5.343007466477728,46.986798666204336,27440.993206285017,40226.21910589497,27321.764349024903,2555.2496949872125,29413.27243623343,6.405249538166546,0.968096628010179,-53.706897001692575,-91.12121596763255,-48.224159060659375,-56.712167540234994,-74.4945387847532
81,2019-03-26,13:20:30,19.665053,-101.21091,40052.0,2019-03-26 13:20:30,2019.2301369863014,2019.2301369863014,5.343007466477728,46.986798666204336,27440.993206285017,40226.21910589497,27321.764349024903,2555.2496949872125,29413.27243623343,6.405249538166546,0.968096628010179,-53.706897001692575,-91.12121596763255,-48.224159060659375,-56.712167540234994,-74.4945387847532
82,2019-03-26,13:21:08,19.664902,-101.210805,40140.0,2019-03-26 13:21:08,2019.2301369863014,2019.2301369863014,5.343007466477728,46.986798666204336,27440.993206285017,40226.21910589497,27321.764349024903,2555.2496949872125,29413.27243623343,6.405249538166546,0.968096628010179,-53.706897001692575,-91.12121596763255,-48.224159060659375,-56.712167540234994,-74.4945387847532
83,2019-04-05,11:32:05,19.660664,-101.208222,40135.4,2019-04-05 11:32:05,2019.2575342465752,2019.2301369863014,5.343007466477728,46.986798666204336,27440.993206285017,40226.21910589497,27321.764349024903,2555.2496949872125,29413.27243623343,6.405249538166546,0.968096628010179,-53.706897001692575,-91.12121596763255,-48.224159060659375,-56.712167540234994,-74.4945387847532
84,2019-04-05,11:32:08,19.660661,-101.208621,40119.0,2019-04-05 11:32:08,2019.2575342465752,2019.2301369863014,5.343007466477728,46.986798666204336,27440.993206285017,40226.21910589497,27321.764349024903,2555.2496949872125,29413.27243623343,6.405249538166546,0.968096628010179,-53.706897001692575,-91.12121596763255,-48.224159060659375,-56.712167540234994,-74.4945387847532
85,2019-04-05,11:35:28,19.660808,-101.208703,40143.6,2019-04-05 11:35:28,2019.2575342465752,2019.2301369863014,5.343007466477728,46.986798666204336,27440.993206285017,40226.21910589497,27321.764349024903,2555.2496949872125,29413.27243623343,6.405249538166546,0.968096628010179,-53.706897001692575,-91.12121596763255,-48.224159060659375,-56.712167540234994,-74.4945387847532
86,2019-04-05,11:35:34,19.660965,-101.208323,40099.6,2019-04-05 11:35:34,2019.2575342465752,2019.2301369863014,5.343007466477728,46.986798666204336,27440.993206285017,40226.21910589497,27321.764349024903,2555.2496949872125,29413.27243623343,6.405249538166546,0.968096628010179,-53.706897001692575,-91.12121596763255,-48.224159060659375,-56.712167540234994,-74.4945387847532
87,2019-04-05,11:37:08,19.66096,-101.208427,40109.4,2019-04-05 11:37:08,2019.2575342465752,2019.2301369863014,5.343007466477728,46.986798666204336,27440.993206285017,40226.21910589497,27321.764349024903,2555.2496949872125,29413.27243623343,6.405249538166546,0.968096628010179,-53.706897001692575,-91.12121596763255,-48.224159060659375,-56.712167540234994,-74.4945387847532
88,2019-04-05,11:38:00,19.660946,-101.208806,40131.2,2019-04-05 11:38:00,2019.2575342465752,2019.2301369863014,5.343007466477728,46.986798666204336,27440.993206285017,40226.21910589497,27321.764349024903,2555.2496949872125,29413.27243623343,6.405249538166546,0.968096628010179,-53.706897001692575,-91.12121596763255,-48.224159060659375,-56.712167540234994,-74.4945387847532
89,2019-04-05,11:38:44,19.661116,-101.20853,40136.4,2019-04-05 11:38:44,2019.2575342465752,2019.2301369863014,5.343007466477728,46.986798666204336,27440.993206285017,40226.21910589497,27321.764349024903,2555.2496949872125,29413.27243623343,6.405249538166546,0.968096628010179,-53.706897001692575,-91.12121596763255,-48.224159060659375,-56.712167540234994,-74.4945387847532
90,2019-04-05,11:39:53,19.661268,-101.20633,40177.6,2019-04-05 11:39:53,2019.2575342465752,2019.2301369863014,5.343007466477728,46.986798666204336,27440.993206285017,40226.21910589497,27321.764349024903,2555.2496949872125,29413.27243623343,6.405249538166546,0.968096628010179,-53.706897001692575,-91.12121596763255,-48.224159060659375,-56.712167540234994,-74.4945387847532
91,2019-04-05,11:41:01,19.66142,-101.208737,40101.2,2019-04-05 11:41:01,2019.2575342465752,2019.2301369863014,5.343007466477728,46.986798666204336,27440.993206285017,40226.21910589497,27321.764349024903,2555.2496949872125,29413.27243623343,6.405249538166546,0.968096628010179,-53.706897001692575,-91.12121596763255,-48.224159060659375,-56.712167540234994,-74.4945387847532
92,2019-04-05,11:41:07,19.66111,-101.208921,40094.2,2019-04-05 11:41:07,2019.2575342465752,2019.2301369863014,5.343007466477728,46.986798666204336,27440.993206285017,40226.21910589497,27321.764349024903,2555.2496949872125,29413.27243623343,6.405249538166546,0.968096628010179,-53.706897001692575,-91.12121596763255,-48.224159060659375,-56.712167540234994,-74.4945387847532
93,2019-04-05,11:42:37,19.661572,-101.20884,40099.2,2019-04-05 11:42:37,2019.2575342465752,2019.2301369863014,5.343007466477728,46.986798666204336,27440.993206285017,40226.21910589497,27321.764349024903,2555.2496949872125,29413.27243623343,6.405249538166546,0.968096628010179,-53.706897001692575,-91.12121596763255,-48.224159060659375,-56.712167540234994,-74.4945387847532
94,2019-04-05,11:43:52,19.661236,-101.209016,40106.2,2019-04-05 11:43:52,2019.2575342465752,2019.2301369863014,5.343007466477728,46.986798666204336,27440.993206285017,40226.21910589497,27321.764349024903,2555.2496949872125,29413.27243623343,6.405249538166546,0.968096628010179,-53.706897001692575,-91.12121596763255,-48.224159060659375,-56.712167540234994,-74.4945387847532
95,2019-04-05,11:44:10,19.661724,-101.208943,40132.4,2019-04-05 11:44:10,2019.2575342465752,2019.2301369863014,5.343007466477728,46.986798666204336,27440.993206285017,40226.21910589497,27321.764349024903,2555.2496949872125,29413.27243623343,6.405249538166546,0.968096628010179,-53.706897001692575,-91.12121596763255,-48.224159060659375,-56.712167540234994,-74.4945387847532
96,2019-04-05,11:45:31,19.661876,-101.209047,40129.0,2019-04-05 11:45:31,2019.2575342465752,2019.2301369863014,5.343007466477728,46.986798666204336,27440.993206285017,40226.21910589497,27321.764349024903,2555.2496949872125,29413.27243623343,6.405249538166546,0.968096628010179,-53.706897001692575,-91.12121596763255,-48.224159060659375,-56.712167540234994,-74.4945387847532
97,2019-04-05,11:45:45,19.661398,-101.209145,40111.8,2019-04-05 11:45:45,2019.2575342465752,2019.2301369863014,5.343007466477728,46.986798666204336,27440.993206285017,40226.21910589497,27321.764349024903,2555.2496949872125,29413.27243623343,6.405249538166546,0.968096628010179,-53.706897001692575,-91.12121596763255,-48.224159060659375,-56.712167540234994,-74.4945387847532
98,2019-04-05,11:47:05,19.662067,-101.20915,40151.0,2019-04-05 11:47:05,2019.2575342465752,2019.2301369863014,5.343007466477728,46.986798666204336,27440.993206285017,40226.21910589497,27321.764349024903,2555.2496949872125,29413.27243623343,6.405249538166546,0.968096628010179,-53.706897001692575,-91.12121596763255,-48.224159060659375,-56.712167540234994,-74.4945387847532
99,2019-04-05,11:47:12,19.661531,-101.209236,40114.8,2019-04-05 11:47:12,2019.2575342465752,2019.2301369863014,5.343007466477728,46.986798666204336,27440.993206285017,40226.21910589497,27321.764349024903,2555.2496949872125,29413.27243623343,6.405249538166546,0.968096628010179,-53.706897001692575,-91.12121596763255,-48.224159060659375,-56.712167540234994,-74.4945387847532
100,2019-04-05,11:48:09,19.662179,-101.209253,40109.2,2019-04-05 11:48:09,2019.2575342465752,2019.2301369863014,5.343007466477728,46.986798666204336,27440.993206285017,40226.21910589497,27321.764349024903,2555.2496949872125,29413.27243623343,6.405249538166546,0.968096628010179,-53.706897001692575,-91.12121596763255,-48.224159060659375,-56.712167540234994,-74.4945387847532
101,2019-04-05,11:49:18,19.662331,-101.209357,40139.4,2019-04-05 11:49:18,2019.2575342465752,2019.2301369863014,5.343007466477728,46.986798666204336,27440.993206285017,40226.21910589497,27321.764349024903,2555.2496949872125,29413.27243623343,6.405249538166546,0.968096628010179,-53.706897001692575,-91.12121596763255,-48.224159060659375,-56.712167540234994,-74.4945387847532
102,2019-04-05,11:49:22,19.661701,-101.209336,40110.2,2019-04-05 11:49:22,2019.2575342465752,2019.2301369863014,5.343007466477728,46.986798666204336,27440.993206285017,40226.21910589497,27321.764349024903,2555.2496949872125,29413.27243623343,6.405249538166546,0.968096628010179,-53.706897001692575,-91.12121596763255,-48.224159060659375,-56.712167540234994,-74.4945387847532
103,2019-04-05,11:50:23,19.662635,-101.20946,40144.2,2019-04-05 11:50:23,2019.2575342465752,2019.2301369863014,5.343007466477728,46.986798666204336,27440.993206285017,40226.21910589497,27321.764349024903,2555.2496949872125,29413.27243623343,6.405249538166546,0.968096628010179,-53.706897001692575,-91.12121596763255,-48.224159060659375,-56.712167540234994,-74.4945387847532
104,2019-04-05,11:51:19,19.661865,-101.209448,40152.2,2019-04-05 11:51:19,2019.2575342465752,2019.2301369863014,5.343007466477728,46.986798666204336,27440.993206285017,40226.21910589497,27321.764349024903,2555.2496949872125,29413.27243623343,6.405249538166546,0.968096628010179,-53.706897001692575,-91.12121596763255,-48.224159060659375,-56.712167540234994,-74.4945387847532
105,2019-04-05,11:51:34,19.662635,-101.209563,40137.6,2019-04-05 11:51:34,2019.2575342465752,2019.2301369863014,5.343007466477728,46.986798666204336,27440.993206285017,40226.21910589497,27321.764349024903,2555.2496949872125,29413.27243623343,6.405249538166546,0.968096628010179,-53.706897001692575,-91.12121596763255,-48.224159060659375,-56.712167540234994,-74.4945387847532
106,2019-04-05,11:52:52,19.662787,-101.209667,40129.0,2019-04-05 11:52:52,2019.2575342465752,2019.2301369863014,5.343007466477728,46.986798666204336,27440.993206285017,40226.21910589497,27321.764349024903,2555.2496949872125,29413.27243623343,6.405249538166546,0.968096628010179,-53.706897001692575,-91.12121596763255,-48.224159060659375,-56.712167540234994,-74.4945387847532
107,2019-04-05,11:53:22,19.662,-101.209541,40142.4,2019-04-05 11:53:22,2019.2575342465752,2019.2301369863014,5.343007466477728,46.986798666204336,27440.993206285017,40226.21910589497,27321.764349024903,2555.2496949872125,29413.27243623343,6.405249538166546,0.968096628010179,-53.706897001692575,-91.12121596763255,-48.224159060659375,-56.712167540234994,-74.4945387847532
108,2019-04-05,11:53:56,19.662938,-101.20977,40074.0,2019-04-05 11:53:56,2019.2575342465752,2019.2301369863014,5.343007466477728,46.986798666204336,27440.993206285017,40226.21910589497,27321.764349024903,2555.2496949872125,29413.27243623343,6.405249538166546,0.968096628010179,-53.706897001692575,-91.12121596763255,-48.224159060659375,-56.712167540234994,-74.4945387847532
109,2019-04-05,11:55:00,19.66309,-101.209873,40138.4,2019-04-05 11:55:00,2019.2575342465752,2019.2301369863014,5.343007466477728,46.986798666204336,27440.993206285017,40226.21910589497,27321.764349024903,2555.2496949872125,29413.27243623343,6.405249538166546,0.968096628010179,-53.706897001692575,-91.12121596763255,-48.224159060659375,-56.712167540234994,-74.4945387847532
110,2019-04-05,11:56:21,19.663242,-101.209977,40119.0,2019-04-05 11:56:21,2019.2575342465752,2019.2301369863014,5.343007466477728,46.986798666204336,27440.993206285017,40226.21910589497,27321.764349024903,2555.2496949872125,29413.27243623343,6.405249538166546,0.968096628010179,-53.706897001692575,-91.12121596763255,-48.224159060659375,-56.712167540234994,-74.4945387847532
111,2019-04-05,11:58:05,19.663394,-101.21008,40124.8,2019-04-05 11:58:05,2019.2575342465752,2019.2301369863014,5.343007466477728,46.986798666204336,27440.993206285017,40226.21910589497,27321.764349024903,2555.2496949872125,29413.27243623343,6.405249538166546,0.968096628010179,-53.706897001692575,-91.12121596763255,-48.224159060659375,-56.712167540234994,-74.4945387847532
112,2019-04-05,11:58:27,19.662166,-101.209665,40129.8,2019-04-05 11:58:27,2019.2575342465752,2019.2301369863014,5.343007466477728,46.986798666204336,27440.993206285017,40226.21910589497,27321.764349024903,2555.2496949872125,29413.27243623343,6.405249538166546,0.968096628010179,-53.706897001692575,-91.12121596763255,-48.224159060659375,-56.712167540234994,-74.4945387847532
113,2019-04-05,12:00:02,19.662311,-101.209748,40136.2,2019-04-05 12:00:02,2019.2575342465752,2019.2301369863014,5.343007466477728,46.986798666204336,27440.993206285017,40226.21910589497,27321.764349024903,2555.2496949872125,29413.27243623343,6.405249538166546,0.968096628010179,-53.706897001692575,-91.12121596763255,-48.224159060659375,-56.712167540234994,-74.4945387847532
114,2019-04-05,12:02:42,19.662458,-101.209875,40149.2,2019-04-05 12:02:42,2019.2575342465752,2019.2301369863014,5.343007466477728,46.986798666204336,27440.993206285017,40226.21910589497,27321.764349024903,2555.2496949872125,29413.27243623343,6.405249538166546,0.968096628010179,-53.706897001692575,-91.12121596763255,-48.224159060659375,-56.712167540234994,-74.4945387847532
115,2019-04-05,12:04:51,19.662611,-101.209963,40127.4,2019-04-05 12:04:51,2019.2575342465752,2019.2301369863014,5.343007466477728,46.986798666204336,27440.993206285017,40226.21910589497,27321.764349024903,2555.2496949872125,29413.27243623343,6.405249538166546,0.968096628010179,-53.706897001692575,-91.12121596763255,-48.224159060659375,-56.712167540234994,-74.4945387847532
116,2019-04-05,12:06:41,19.662751,-101.210056,40125.6,2019-04-05 12:06:41,2019.2575342465752,2019.2301369863014,5.343007466477728,46.986798666204336,27440.993206285017,40226.21910589497,27321.764349024903,2555.2496949872125,29413.27243623343,6.405249538166546,0.968096628010179,-53.706897001692575,-91.12121596763255,-48.224159060659375,-56.712167540234994,-74.4945387847532
117,2019-04-05,12:07:39,19.663546,-101.210184,40028.2,2019-04-05 12:07:39,2019.2575342465752,2019.2301369863014,5.343007466477728,46.986798666204336,27440.993206285017,40226.21910589497,27321.764349024903,2555.2496949872125,29413.27243623343,6.405249538166546,0.968096628010179,-53.706897001692575,-91.12121596763255,-48.224159060659375,-56.712167540234994,-74.4945387847532
118,2019-04-05,12:08:26,19.66291,-101.21016,40137.8,2019-04-05 12:08:26,2019.2575342465752,2019.2301369863014,5.343007466477728,46.986798666204336,27440.993206285017,40226.21910589497,27321.764349024903,2555.2496949872125,29413.27243623343,6.405249538166546,0.968096628010179,-53.706897001692575,-91.12121596763255,-48.224159060659375,-56.712167540234994,-74.4945387847532
119,2019-04-05,12:10:22,19.663051,-101.210271,40131.0,2019-04-05 12:10:22,2019.2575342465752,2019.2301369863014,5.343007466477728,46.986798666204336,27440.993206285017,40226.21910589497,27321.764349024903,2555.2496949872125,29413.27243623343,6.405249538166546,0.968096628010179,-53.706897001692575,-91.12121596763255,-48.224159060659375,-56.712167540234994,-74.4945387847532
120,2019-04-05,12:14:11,19.663198,-101.210398,40144.2,2019-04-05 12:14:11,2019.2575342465752,2019.2301369863014,5.343007466477728,46.986798666204336,27440.993206285017,40226.21910589497,27321.764349024903,2555.2496949872125,29413.27243623343,6.405249538166546,0.968096628010179,-53.706897001692575,-91.12121596763255,-48.224159060659375,-56.712167540234994,-74.4945387847532
121,2019-04-05,12:15:01,19.663698,-101.210287,40143.4,2019-04-05 12:15:01,2019.2575342465752,2019.2301369863014,5.343007466477728,46.986798666204336,27440.993206285017,40226.21910589497,27321.764349024903,2555.2496949872125,29413.27243623343,6.405249538166546,0.968096628010179,-53.706897001692575,-91.12121596763255,-48.224159060659375,-56.712167540234994,-74.4945387847532
122,2019-04-05,12:23:35,19.663363,-101.210478,40010.0,2019-04-05 12:23:35,2019.2575342465752,2019.2301369863014,5.343007466477728,46.986798666204336,27440.993206285017,40226.21910589497,27321.764349024903,2555.2496949872125,29413.27243623343,6.405249538166546,0.968096628010179,-53.706897001692575,-91.12121596763255,-48.224159060659375,-56.712167540234994,-74.4945387847532
123,2019-04-05,12:26:41,19.66385,-101.21039,40083.4,2019-04-05 12:26:41,2019.2575342465752,2019.2301369863014,5.343007466477728,46.986798666204336,27440.993206285017,40226.21910589497,27321.764349024903,2555.2496949872125,29413.27243623343,6.405249538166546,0.968096628010179,-53.706897001692575,-91.12121596763255,-48.224159060659375,-56.712167540234994,-74.4945387847532
124,2019-04-05,12:36:15,19.663543,-101.210531,40187.8,2019-04-05 12:36:15,2019.2575342465752,2019.2301369863014,5.343007466477728,46.986798666204336,27440.993206285017,40226.21910589497,27321.764349024903,2555.2496949872125,29413.27243623343,6.405249538166546,0.968096628010179,-53.706897001692575,-91.12121596763255,-48.224159060659375,-56.712167540234994,-74.4945387847532
125,2019-04-05,12:40:34,19.663661,-101.210658,40078.2,2019-04-05 12:40:34,2019.2575342465752,2019.2301369863014,5.343007466477728,46.986798666204336,27440.993206285017,40226.21910589497,27321.764349024903,2555.2496949872125,29413.27243623343,6.405249538166546,0.968096628010179,-53.706897001692575,-91.12121596763255,-48.224159060659375,-56.712167540234994,-74.4945387847532
126,2019-04-05,12:52:09,19.663861,-101.210778,40112.6,2019-04-05 12:52:09,2019.2575342465752,2019.2301369863014,5.343007466477728,46.986798666204336,27440.993206285017,40226.21910589497,27321.764349024903,2555.2496949872125,29413.27243623343,6.405249538166546,0.968096628010179,-53.706897001692575,-91.12121596763255,-48.224159060659375,-56.712167540234994,-74.4945387847532
127,2019-04-05,12:54:01,19.664001,-101.210494,40085.2,2019-04-05 12:54:01,2019.2575342465752,2019.2301369863014,5.343007466477728,46.986798666204336,27440.993206285017,40226.21910589497,27321.764349024903,2555.2496949872125,29413.27243623343,6.405249538166546,0.968096628010179,-53.706897001692575,-91.12121596763255,-48.224159060659375,-56.712167540234994,-74.4945387847532
128,2019-04-05,12:58:50,19.663983,-101.210893,40095.8,2019-04-05 12:58:50,2019.2575342465752,2019.2301369863014,5.343007466477728,46.986798666204336,27440.993206285017,40226.21910589497,27321.764349024903,2555.2496949872125,29413.27243623343,6.405249538166546,0.968096628010179,-53.706897001692575,-91.12121596763255,-48.224159060659375,-56.712167540234994,-74.4945387847532
129,2019-04-05,13:01:53,19.664153,-101.210597,40086.6,2019-04-05 13:01:53,2019.2575342465752,2019.2301369863014,5.343007466477728,46.986798666204336,27440.993206285017,40226.21910589497,27321.764349024903,2555.2496949872125,29413.27243623343,6.405249538166546,0.968096628010179,-53.706897001692575,-91.12121596763255,-48.224159060659375,-56.712167540234994,-74.4945387847532
130,2019-04-05,13:02:49,19.664131,-101.210998,40081.0,2019-04-05 13:02:49,2019.2575342465752,2019.2301369863014,5.343007466477728,46.986798666204336,27440.993206285017,40226.21910589497,27321.764349024903,2555.2496949872125,29413.27243623343,6.405249538166546,0.968096628010179,-53.706897001692575,-91.12121596763255,-48.224159060659375,-56.712167540234994,-74.4945387847532
131,2019-04-05,13:04:52,19.664305,-101.2107,40113.6,2019-04-05 13:04:52,2019.2575342465752,2019.2301369863014,5.343007466477728,46.986798666204336,27440.993206285017,40226.21910589497,27321.764349024903,2555.2496949872125,29413.27243623343,6.405249538166546,0.968096628010179,-53.706897001692575,-91.12121596763255,-48.224159060659375,-56.712167540234994,-74.4945387847532
132,2019-04-05,13:06:13,19.664209,-101.211061,40087.2,2019-04-05 13:06:13,2019.2575342465752,2019.2301369863014,5.343007466477728,46.986798666204336,27440.993206285017,40226.21910589497,27321.764349024903,2555.2496949872125,29413.27243623343,6.405249538166546,0.968096628010179,-53.706897001692575,-91.12121596763255,-48.224159060659375,-56.712167540234994,-74.4945387847532
133,2019-04-05,13:06:58,19.664457,-101.210804,40107.0,2019-04-05 13:06:58,2019.2575342465752,2019.2301369863014,5.343007466477728,46.986798666204336,27440.993206285017,40226.21910589497,27321.764349024903,2555.2496949872125,29413.27243623343,6.405249538166546,0.968096628010179,-53.706897001692575,-91.12121596763255,-48.224159060659375,-56.712167540234994,-74.4945387847532
134,2019-04-05,13:09:06,19.664441,-101.211211,40089.4,2019-04-05 13:09:06,2019.2575342465752,2019.2301369863014,5.343007466477728,46.986798666204336,27440.993206285017,40226.21910589497,27321.764349024903,2555.2496949872125,29413.27243623343,6.405249538166546,0.968096628010179,-53.706897001692575,-91.12121596763255,-48.224159060659375,-56.712167540234994,-74.4945387847532
135,2019-04-05,13:14:30,19.664588,-101.211289,40082.8,2019-04-05 13:14:30,2019.2575342465752,2019.2301369863014,5.343007466477728,46.986798666204336,27440.993206285017,40226.21910589497,27321.764349024903,2555.2496949872125,29413.27243623343,6.405249538166546,0.968096628010179,-53.706897001692575,-91.12121596763255,-48.224159060659375,-56.712167540234994,-74.4945387847532
136,2019-04-05,13:20:52,19.664609,-101.210907,40091.4,2019-04-05 13:20:52,2019.2575342465752,2019.2301369863014,5.343007466477728,46.986798666204336,27440.993206285017,40226.21910589497,27321.764349024903,2555.2496949872125,29413.27243623343,6.405249538166546,0.968096628010179,-53.706897001692575,-91.12121596763255,-48.224159060659375,-56.712167540234994,-74.4945387847532
137,2019-04-05,13:23:02,19.664761,-101.21101,40067.4,2019-04-05 13:23:02,2019.2575342465752,2019.2301369863014,5.343007466477728,46.986798666204336,27440.993206285017,40226.21910589497,27321.764349024903,2555.2496949872125,29413.27243623343,6.405249538166546,0.968096628010179,-53.706897001692575,-91.12121596763255,-48.224159060659375,-56.712167540234994,-74.4945387847532
138,2019-04-05,13:23:49,19.664748,-101.211398,40117.0,2019-04-05 13:23:49,2019.2575342465752,2019.2301369863014,5.343007466477728,46.986798666204336,27440.993206285017,40226.21910589497,27321.764349024903,2555.2496949872125,29413.27243623343,6.405249538166546,0.968096628010179,-53.706897001692575,-91.12121596763255,-48.224159060659375,-56.712167540234994,-74.4945387847532
139,2019-04-05,13:25:05,19.664912,-101.211114,40071.0,2019-04-05 13:25:05,2019.2575342465752,2019.2301369863014,5.343007466477728,46.986798666204336,27440.993206285017,40226.21910589497,27321.764349024903,2555.2496949872125,29413.27243623343,6.405249538166546,0.968096628010179,-53.706897001692575,-91.12121596763255,-48.224159060659375,-56.712167540234994,-74.4945387847532
140,2019-04-05,13:25:42,19.664898,-101.211503,40083.0,2019-04-05 13:25:42,2019.2575342465752,2019.2301369863014,5.343007466477728,46.986798666204336,27440.993206285017,40226.21910589497,27321.764349024903,2555.2496949872125,29413.27243623343,6.405249538166546,0.968096628010179,-53.706897001692575,-91.12121596763255,-48.224159060659375,-56.712167540234994,-74.4945387847532
141,2019-04-05,13:26:23,19.665064,-101.211217,40081.8,2019-04-05 13:26:23,2019.2575342465752,2019.2301369863014,5.343007466477728,46.986798666204336,27440.993206285017,40226.21910589497,27321.764349024903,2555.2496949872125,29413.27243623343,6.405249538166546,0.968096628010179,-53.706897001692575,-91.12121596763255,-48.224159060659375,-56.712167540234994,-74.4945387847532
142,2019-04-05,13:27:18,19.665216,-101.21132,40088.6,2019-04-05 13:27:18,2019.2575342465752,2019.2301369863014,5.343007466477728,46.986798666204336,27440.993206285017,40226.21910589497,27321.764349024903,2555.2496949872125,29413.27243623343,6.405249538166546,0.968096628010179,-53.706897001692575,-91.12121596763255,-48.224159060659375,-56.712167540234994,-74.4945387847532
143,2019-04-05,13:28:09,19.665043,-101.211593,40089.4,2019-04-05 13:28:09,2019.2575342465752,2019.2301369863014,5.343007466477728,46.986798666204336,27440.993206285017,40226.21910589497,27321.764349024903,2555.2496949872125,29413.27243623343,6.405249538166546,0.968096628010179,-53.706897001692575,-91.12121596763255,-48.224159060659375,-56.712167540234994,-74.4945387847532
144,2019-04-05,13:28:22,19.665368,-101.211424,40097.0,2019-04-05 13:28:22,2019.2575342465752,2019.2301369863014,5.343007466477728,46.986798666204336,27440.993206285017,40226.21910589497,27321.764349024903,2555.2496949872125,29413.27243623343,6.405249538166546,0.968096628010179,-53.706897001692575,-91.12121596763255,-48.224159060659375,-56.712167540234994,-74.4945387847532
145,2019-04-05,13:29:11,19.66552,-101.211527,40114.0,2019-04-05 13:29:11,2019.2575342465752,2019.2301369863014,5.343007466477728,46.986798666204336,27440.993206285017,40226.21910589497,27321.764349024903,2555.2496949872125,29413.27243623343,6.405249538166546,0.968096628010179,-53.706897001692575,-91.12121596763255,-48.224159060659375,-56.712167540234994,-74.4945387847532
146,2019-04-05,13:29:58,19.665205,-101.211691,40098.4,2019-04-05 13:29:58,2019.2575342465752,2019.2301369863014,5.343007466477728,46.986798666204336,27440.993206285017,40226.21910589497,27321.764349024903,2555.2496949872125,29413.27243623343,6.405249538166546,0.968096628010179,-53.706897001692575,-91.12121596763255,-48.224159060659375,-56.712167540234994,-74.4945387847532
147,2019-04-05,13:30:59,19.665672,-101.21163,40122.2,2019-04-05 13:30:59,2019.2575342465752,2019.2301369863014,5.343007466477728,46.986798666204336,27440.993206285017,40226.21910589497,27321.764349024903,2555.2496949872125,29413.27243623343,6.405249538166546,0.968096628010179,-53.706897001692575,-91.12121596763255,-48.224159060659375,-56.712167540234994,-74.4945387847532
148,2019-04-05,13:31:28,19.665346,-101.211791,40098.2,2019-04-05 13:31:28,2019.2575342465752,2019.2301369863014,5.343007466477728,46.986798666204336,27440.993206285017,40226.21910589497,27321.764349024903,2555.2496949872125,29413.27243623343,6.405249538166546,0.968096628010179,-53.706897001692575,-91.12121596763255,-48.224159060659375,-56.712167540234994,-74.4945387847532
149,2019-04-05,13:32:47,19.665496,-101.2119,40102.4,2019-04-05 13:32:47,2019.2575342465752,2019.2301369863014,5.343007466477728,46.986798666204336,27440.993206285017,40226.21910589497,27321.764349024903,2555.2496949872125,29413.27243623343,6.405249538166546,0.968096628010179,-53.706897001692575,-91.12121596763255,-48.224159060659375,-56.712167540234994,-74.4945387847532
150,2019-04-05,13:34:06,19.665658,-101.211996,40111.4,2019-04-05 13:34:06,2019.2575342465752,2019.2301369863014,5.343007466477728,46.986798666204336,27440.993206285017,40226.21910589497,27321.764349024903,2555.2496949872125,29413.27243623343,6.405249538166546,0.968096628010179,-53.706897001692575,-91.12121596763255,-48.224159060659375,-56.712167540234994,-74.4945387847532
151,2019-04-05,13:35:12,19.665823,-101.211734,40125.8,2019-04-05 13:35:12,2019.2575342465752,2019.2301369863014,5.343007466477728,46.986798666204336,27440.993206285017,40226.21910589497,27321.764349024903,2555.2496949872125,29413.27243623343,6.405249538166546,0.968096628010179,-53.706897001692575,-91.12121596763255,-48.224159060659375,-56.712167540234994,-74.4945387847532
152,2019-04-05,13:35:33,19.66581,-101.212098,40119.0,2019-04-05 13:35:33,2019.2575342465752,2019.2301369863014,5.343007466477728,46.986798666204336,27440.993206285017,40226.21910589497,27321.764349024903,2555.2496949872125,29413.27243623343,6.405249538166546,0.968096628010179,-53.706897001692575,-91.12121596763255,-48.224159060659375,-56.712167540234994,-74.4945387847532
153,2019-04-05,13:36:34,19.665975,-101.211837,40135.2,2019-04-05 13:36:34,2019.2575342465752,2019.2301369863014,5.343007466477728,46.986798666204336,27440.993206285017,40226.21910589497,27321.764349024903,2555.2496949872125,29413.27243623343,6.405249538166546,0.968096628010179,-53.706897001692575,-91.12121596763255,-48.224159060659375,-56.712167540234994,-74.4945387847532
154,2019-04-05,13:37:07,19.665966,-101.212213,40118.6,2019-04-05 13:37:07,2019.2575342465752,2019.2301369863014,5.343007466477728,46.986798666204336,27440.993206285017,40226.21910589497,27321.764349024903,2555.2496949872125,29413.27243623343,6.405249538166546,0.968096628010179,-53.706897001692575,-91.12121596763255,-48.224159060659375,-56.712167540234994,-74.4945387847532
155,2019-04-05,13:37:47,19.666127,-101.211941,40143.0,2019-04-05 13:37:47,2019.2575342465752,2019.2301369863014,5.343007466477728,46.986798666204336,27440.993206285017,40226.21910589497,27321.764349024903,2555.2496949872125,29413.27243623343,6.405249538166546,0.968096628010179,-53.706897001692575,-91.12121596763255,-48.224159060659375,-56.712167540234994,-74.4945387847532
156,2019-04-05,13:39:12,19.666279,-101.212044,40136.6,2019-04-05 13:39:12,2019.2575342465752,2019.2301369863014,5.343007466477728,46.986798666204336,27440.993206285017,40226.21910589497,27321.764349024903,2555.2496949872125,29413.27243623343,6.405249538166546,0.968096628010179,-53.706897001692575,-91.12121596763255,-48.224159060659375,-56.712167540234994,-74.4945387847532
157,2019-04-05,13:40:09,19.666431,-101.212147,40133.4,2019-04-05 13:40:09,2019.2575342465752,2019.2301369863014,5.343007466477728,46.986798666204336,27440.993206285017,40226.21910589497,27321.764349024903,2555.2496949872125,29413.27243623343,6.405249538166546,0.968096628010179,-53.706897001692575,-91.12121596763255,-48.224159060659375,-56.712167540234994,-74.4945387847532
158,2019-04-05,13:40:24,19.66613,-101.212296,40126.6,2019-04-05 13:40:24,2019.2575342465752,2019.2301369863014,5.343007466477728,46.986798666204336,27440.993206285017,40226.21910589497,27321.764349024903,2555.2496949872125,29413.27243623343,6.405249538166546,0.968096628010179,-53.706897001692575,-91.12121596763255,-48.224159060659375,-56.712167540234994,-74.4945387847532
159,2019-04-05,13:42:01,19.666583,-101.212251,40130.4,2019-04-05 13:42:01,2019.2575342465752,2019.2301369863014,5.343007466477728,46.986798666204336,27440.993206285017,40226.21910589497,27321.764349024903,2555.2496949872125,29413.27243623343,6.405249538166546,0.968096628010179,-53.706897001692575,-91.12121596763255,-48.224159060659375,-56.712167540234994,-74.4945387847532
160,2019-04-05,13:42:19,19.666275,-101.212425,40127.4,2019-04-05 13:42:19,2019.2575342465752,2019.2301369863014,5.343007466477728,46.986798666204336,27440.993206285017,40226.21910589497,27321.764349024903,2555.2496949872125,29413.27243623343,6.405249538166546,0.968096628010179,-53.706897001692575,-91.12121596763255,-48.224159060659375,-56.712167540234994,-74.4945387847532
161,2019-04-05,13:42:52,19.666734,-101.212354,40134.6,2019-04-05 13:42:52,2019.2575342465752,2019.2301369863014,5.343007466477728,46.986798666204336,27440.993206285017,40226.21910589497,27321.764349024903,2555.2496949872125,29413.27243623343,6.405249538166546,0.968096628010179,-53.706897001692575,-91.12121596763255,-48.224159060659375,-56.712167540234994,-74.4945387847532
162,2019-04-05,13:43:41,19.666886,-101.212457,40132.6,2019-04-05 13:43:41,2019.2575342465752,2019.2301369863014,5.343007466477728,46.986798666204336,27440.993206285017,40226.21910589497,27321.764349024903,2555.2496949872125,29413.27243623343,6.405249538166546,0.968096628010179,-53.706897001692575,-91.12121596763255,-48.224159060659375,-56.712167540234994,-74.4945387847532
163,2019-04-05,13:43:48,19.666423,-101.212505,40138.0,2019-04-05 13:43:48,2019.2575342465752,2019.2301369863014,5.343007466477728,46.986798666204336,27440.993206285017,40226.21910589497,27321.764349024903,2555.2496949872125,29413.27243623343,6.405249538166546,0.968096628010179,-53.706897001692575,-91.12121596763255,-48.224159060659375,-56.712167540234994,-74.4945387847532
164,2019-04-05,13:45:05,19.66657,-101.21263,40130.0,2019-04-05 13:45:05,2019.2575342465752,2019.2301369863014,5.343007466477728,46.986798666204336,27440.993206285017,40226.21910589497,27321.764349024903,2555.2496949872125,29413.27243623343,6.405249538166546,0.968096628010179,-53.706897001692575,-91.12121596763255,-48.224159060659375,-56.712167540234994,-74.4945387847532
165,2019-04-05,13:45:50,19.667038,-101.212561,40105.0,2019-04-05 13:45:50,2019.2575342465752,2019.2301369863014,5.343007466477728,46.986798666204336,27440.993206285017,40226.21910589497,27321.764349024903,2555.2496949872125,29413.27243623343,6.405249538166546,0.968096628010179,-53.706897001692575,-91.12121596763255,-48.224159060659375,-56.712167540234994,-74.4945387847532
166,2019-04-05,13:46:32,19.666703,-101.212743,40131.4,2019-04-05 13:46:32,2019.2575342465752,2019.2301369863014,5.343007466477728,46.986798666204336,27440.993206285017,40226.21910589497,27321.764349024903,2555.2496949872125,29413.27243623343,6.405249538166546,0.968096628010179,-53.706897001692575,-91.12121596763255,-48.224159060659375,-56.712167540234994,-74.4945387847532
167,2019-04-05,13:48:30,19.666863,-101.21285,40142.0,2019-04-05 13:48:30,2019.2575342465752,2019.2301369863014,5.343007466477728,46.986798666204336,27440.993206285017,40226.21910589497,27321.764349024903,2555.2496949872125,29413.27243623343,6.405249538166546,0.968096628010179,-53.706897001692575,-91.12121596763255,-48.224159060659375,-56.712167540234994,-74.4945387847532
168,2019-04-05,13:50:32,19.66719,-101.212664,40106.8,2019-04-05 13:50:32,2019.2575342465752,2019.2301369863014,5.343007466477728,46.986798666204336,27440.993206285017,40226.21910589497,27321.764349024903,2555.2496949872125,29413.27243623343,6.405249538166546,0.968096628010179,-53.706897001692575,-91.12121596763255,-48.224159060659375,-56.712167540234994,-74.4945387847532
169,2019-04-05,13:50:53,19.667021,-101.212936,40071.2,2019-04-05 13:50:53,2019.2575342465752,2019.2301369863014,5.343007466477728,46.986798666204336,27440.993206285017,40226.21910589497,27321.764349024903,2555.2496949872125,29413.27243623343,6.405249538166546,0.968096628010179,-53.706897001692575,-91.12121596763255,-48.224159060659375,-56.712167540234994,-74.4945387847532
